global_round,sha_pass,compression_index,local_round,comparison,max_abs_feature,mean_rank_biserial,multiple_looks_status
0,1,0,0,EXTREME_vs_RANDOM_CONTROL,state_a_before_normalized,0.000000,DESCRIPTIVE_MULTIPLE_LOOKS_UNADJUSTED_NOT_EVIDENCE
1,1,0,1,EXTREME_vs_RANDOM_CONTROL,state_a_before_normalized,0.000000,DESCRIPTIVE_MULTIPLE_LOOKS_UNADJUSTED_NOT_EVIDENCE
2,1,0,2,EXTREME_vs_RANDOM_CONTROL,state_a_before_normalized,0.000000,DESCRIPTIVE_MULTIPLE_LOOKS_UNADJUSTED_NOT_EVIDENCE
3,1,0,3,EXTREME_vs_RANDOM_CONTROL,state_a_before_normalized,0.000000,DESCRIPTIVE_MULTIPLE_LOOKS_UNADJUSTED_NOT_EVIDENCE
4,1,0,4,EXTREME_vs_RANDOM_CONTROL,state_a_before_normalized,0.000000,DESCRIPTIVE_MULTIPLE_LOOKS_UNADJUSTED_NOT_EVIDENCE
5,1,0,5,EXTREME_vs_RANDOM_CONTROL,state_a_before_normalized,0.000000,DESCRIPTIVE_MULTIPLE_LOOKS_UNADJUSTED_NOT_EVIDENCE
6,1,0,6,EXTREME_vs_RANDOM_CONTROL,state_a_before_normalized,0.000000,DESCRIPTIVE_MULTIPLE_LOOKS_UNADJUSTED_NOT_EVIDENCE
7,1,0,7,EXTREME_vs_RANDOM_CONTROL,state_a_before_normalized,0.000000,DESCRIPTIVE_MULTIPLE_LOOKS_UNADJUSTED_NOT_EVIDENCE
8,1,0,8,EXTREME_vs_RANDOM_CONTROL,state_a_before_normalized,0.000000,DESCRIPTIVE_MULTIPLE_LOOKS_UNADJUSTED_NOT_EVIDENCE
9,1,0,9,EXTREME_vs_RANDOM_CONTROL,state_a_before_normalized,0.000000,DESCRIPTIVE_MULTIPLE_LOOKS_UNADJUSTED_NOT_EVIDENCE
10,1,0,10,EXTREME_vs_RANDOM_CONTROL,state_a_before_normalized,0.000000,DESCRIPTIVE_MULTIPLE_LOOKS_UNADJUSTED_NOT_EVIDENCE
11,1,0,11,EXTREME_vs_RANDOM_CONTROL,state_a_before_normalized,0.000000,DESCRIPTIVE_MULTIPLE_LOOKS_UNADJUSTED_NOT_EVIDENCE
12,1,0,12,EXTREME_vs_RANDOM_CONTROL,state_a_before_normalized,0.000000,DESCRIPTIVE_MULTIPLE_LOOKS_UNADJUSTED_NOT_EVIDENCE
13,1,0,13,EXTREME_vs_RANDOM_CONTROL,state_a_before_normalized,0.000000,DESCRIPTIVE_MULTIPLE_LOOKS_UNADJUSTED_NOT_EVIDENCE
14,1,0,14,EXTREME_vs_RANDOM_CONTROL,state_a_before_normalized,0.000000,DESCRIPTIVE_MULTIPLE_LOOKS_UNADJUSTED_NOT_EVIDENCE
15,1,0,15,EXTREME_vs_RANDOM_CONTROL,state_a_before_normalized,0.000000,DESCRIPTIVE_MULTIPLE_LOOKS_UNADJUSTED_NOT_EVIDENCE
16,1,0,16,EXTREME_vs_RANDOM_CONTROL,state_a_before_normalized,0.000000,DESCRIPTIVE_MULTIPLE_LOOKS_UNADJUSTED_NOT_EVIDENCE
17,1,0,17,EXTREME_vs_RANDOM_CONTROL,state_a_before_normalized,0.000000,DESCRIPTIVE_MULTIPLE_LOOKS_UNADJUSTED_NOT_EVIDENCE
18,1,0,18,EXTREME_vs_RANDOM_CONTROL,state_a_before_normalized,0.000000,DESCRIPTIVE_MULTIPLE_LOOKS_UNADJUSTED_NOT_EVIDENCE
19,1,0,19,EXTREME_vs_RANDOM_CONTROL,state_a_before_normalized,0.000000,DESCRIPTIVE_MULTIPLE_LOOKS_UNADJUSTED_NOT_EVIDENCE
20,1,0,20,EXTREME_vs_RANDOM_CONTROL,state_a_before_normalized,0.000000,DESCRIPTIVE_MULTIPLE_LOOKS_UNADJUSTED_NOT_EVIDENCE
21,1,0,21,EXTREME_vs_RANDOM_CONTROL,state_a_before_normalized,0.000000,DESCRIPTIVE_MULTIPLE_LOOKS_UNADJUSTED_NOT_EVIDENCE
22,1,0,22,EXTREME_vs_RANDOM_CONTROL,state_a_before_normalized,0.000000,DESCRIPTIVE_MULTIPLE_LOOKS_UNADJUSTED_NOT_EVIDENCE
23,1,0,23,EXTREME_vs_RANDOM_CONTROL,state_a_before_normalized,0.000000,DESCRIPTIVE_MULTIPLE_LOOKS_UNADJUSTED_NOT_EVIDENCE
24,1,0,24,EXTREME_vs_RANDOM_CONTROL,state_a_before_normalized,0.000000,DESCRIPTIVE_MULTIPLE_LOOKS_UNADJUSTED_NOT_EVIDENCE
25,1,0,25,EXTREME_vs_RANDOM_CONTROL,state_a_before_normalized,0.000000,DESCRIPTIVE_MULTIPLE_LOOKS_UNADJUSTED_NOT_EVIDENCE
26,1,0,26,EXTREME_vs_RANDOM_CONTROL,state_a_before_normalized,0.000000,DESCRIPTIVE_MULTIPLE_LOOKS_UNADJUSTED_NOT_EVIDENCE
27,1,0,27,EXTREME_vs_RANDOM_CONTROL,state_a_before_normalized,0.000000,DESCRIPTIVE_MULTIPLE_LOOKS_UNADJUSTED_NOT_EVIDENCE
28,1,0,28,EXTREME_vs_RANDOM_CONTROL,state_a_before_normalized,0.000000,DESCRIPTIVE_MULTIPLE_LOOKS_UNADJUSTED_NOT_EVIDENCE
29,1,0,29,EXTREME_vs_RANDOM_CONTROL,state_a_before_normalized,0.000000,DESCRIPTIVE_MULTIPLE_LOOKS_UNADJUSTED_NOT_EVIDENCE
30,1,0,30,EXTREME_vs_RANDOM_CONTROL,state_a_before_normalized,0.000000,DESCRIPTIVE_MULTIPLE_LOOKS_UNADJUSTED_NOT_EVIDENCE
31,1,0,31,EXTREME_vs_RANDOM_CONTROL,state_a_before_normalized,0.000000,DESCRIPTIVE_MULTIPLE_LOOKS_UNADJUSTED_NOT_EVIDENCE
32,1,0,32,EXTREME_vs_RANDOM_CONTROL,state_a_before_normalized,0.000000,DESCRIPTIVE_MULTIPLE_LOOKS_UNADJUSTED_NOT_EVIDENCE
33,1,0,33,EXTREME_vs_RANDOM_CONTROL,state_a_before_normalized,0.000000,DESCRIPTIVE_MULTIPLE_LOOKS_UNADJUSTED_NOT_EVIDENCE
34,1,0,34,EXTREME_vs_RANDOM_CONTROL,state_a_before_normalized,0.000000,DESCRIPTIVE_MULTIPLE_LOOKS_UNADJUSTED_NOT_EVIDENCE
35,1,0,35,EXTREME_vs_RANDOM_CONTROL,state_a_before_normalized,0.000000,DESCRIPTIVE_MULTIPLE_LOOKS_UNADJUSTED_NOT_EVIDENCE
36,1,0,36,EXTREME_vs_RANDOM_CONTROL,state_a_before_normalized,0.000000,DESCRIPTIVE_MULTIPLE_LOOKS_UNADJUSTED_NOT_EVIDENCE
37,1,0,37,EXTREME_vs_RANDOM_CONTROL,state_a_before_normalized,0.000000,DESCRIPTIVE_MULTIPLE_LOOKS_UNADJUSTED_NOT_EVIDENCE
38,1,0,38,EXTREME_vs_RANDOM_CONTROL,state_a_before_normalized,0.000000,DESCRIPTIVE_MULTIPLE_LOOKS_UNADJUSTED_NOT_EVIDENCE
39,1,0,39,EXTREME_vs_RANDOM_CONTROL,state_a_before_normalized,0.000000,DESCRIPTIVE_MULTIPLE_LOOKS_UNADJUSTED_NOT_EVIDENCE
40,1,0,40,EXTREME_vs_RANDOM_CONTROL,state_a_before_normalized,0.000000,DESCRIPTIVE_MULTIPLE_LOOKS_UNADJUSTED_NOT_EVIDENCE
41,1,0,41,EXTREME_vs_RANDOM_CONTROL,state_a_before_normalized,0.000000,DESCRIPTIVE_MULTIPLE_LOOKS_UNADJUSTED_NOT_EVIDENCE
42,1,0,42,EXTREME_vs_RANDOM_CONTROL,state_a_before_normalized,0.000000,DESCRIPTIVE_MULTIPLE_LOOKS_UNADJUSTED_NOT_EVIDENCE
43,1,0,43,EXTREME_vs_RANDOM_CONTROL,state_a_before_normalized,0.000000,DESCRIPTIVE_MULTIPLE_LOOKS_UNADJUSTED_NOT_EVIDENCE
44,1,0,44,EXTREME_vs_RANDOM_CONTROL,state_a_before_normalized,0.000000,DESCRIPTIVE_MULTIPLE_LOOKS_UNADJUSTED_NOT_EVIDENCE
45,1,0,45,EXTREME_vs_RANDOM_CONTROL,state_a_before_normalized,0.000000,DESCRIPTIVE_MULTIPLE_LOOKS_UNADJUSTED_NOT_EVIDENCE
46,1,0,46,EXTREME_vs_RANDOM_CONTROL,state_a_before_normalized,0.000000,DESCRIPTIVE_MULTIPLE_LOOKS_UNADJUSTED_NOT_EVIDENCE
47,1,0,47,EXTREME_vs_RANDOM_CONTROL,state_a_before_normalized,0.000000,DESCRIPTIVE_MULTIPLE_LOOKS_UNADJUSTED_NOT_EVIDENCE
48,1,0,48,EXTREME_vs_RANDOM_CONTROL,state_a_before_normalized,0.000000,DESCRIPTIVE_MULTIPLE_LOOKS_UNADJUSTED_NOT_EVIDENCE
49,1,0,49,EXTREME_vs_RANDOM_CONTROL,state_a_before_normalized,0.000000,DESCRIPTIVE_MULTIPLE_LOOKS_UNADJUSTED_NOT_EVIDENCE
50,1,0,50,EXTREME_vs_RANDOM_CONTROL,state_a_before_normalized,0.000000,DESCRIPTIVE_MULTIPLE_LOOKS_UNADJUSTED_NOT_EVIDENCE
51,1,0,51,EXTREME_vs_RANDOM_CONTROL,state_a_before_normalized,0.000000,DESCRIPTIVE_MULTIPLE_LOOKS_UNADJUSTED_NOT_EVIDENCE
52,1,0,52,EXTREME_vs_RANDOM_CONTROL,state_a_before_normalized,0.000000,DESCRIPTIVE_MULTIPLE_LOOKS_UNADJUSTED_NOT_EVIDENCE
53,1,0,53,EXTREME_vs_RANDOM_CONTROL,state_a_before_normalized,0.000000,DESCRIPTIVE_MULTIPLE_LOOKS_UNADJUSTED_NOT_EVIDENCE
54,1,0,54,EXTREME_vs_RANDOM_CONTROL,state_a_before_normalized,0.000000,DESCRIPTIVE_MULTIPLE_LOOKS_UNADJUSTED_NOT_EVIDENCE
55,1,0,55,EXTREME_vs_RANDOM_CONTROL,state_a_before_normalized,0.000000,DESCRIPTIVE_MULTIPLE_LOOKS_UNADJUSTED_NOT_EVIDENCE
56,1,0,56,EXTREME_vs_RANDOM_CONTROL,state_a_before_normalized,0.000000,DESCRIPTIVE_MULTIPLE_LOOKS_UNADJUSTED_NOT_EVIDENCE
57,1,0,57,EXTREME_vs_RANDOM_CONTROL,state_a_before_normalized,0.000000,DESCRIPTIVE_MULTIPLE_LOOKS_UNADJUSTED_NOT_EVIDENCE
58,1,0,58,EXTREME_vs_RANDOM_CONTROL,state_a_before_normalized,0.000000,DESCRIPTIVE_MULTIPLE_LOOKS_UNADJUSTED_NOT_EVIDENCE
59,1,0,59,EXTREME_vs_RANDOM_CONTROL,state_a_before_normalized,0.000000,DESCRIPTIVE_MULTIPLE_LOOKS_UNADJUSTED_NOT_EVIDENCE
60,1,0,60,EXTREME_vs_RANDOM_CONTROL,state_a_before_normalized,0.000000,DESCRIPTIVE_MULTIPLE_LOOKS_UNADJUSTED_NOT_EVIDENCE
61,1,0,61,EXTREME_vs_RANDOM_CONTROL,state_a_before_normalized,0.000000,DESCRIPTIVE_MULTIPLE_LOOKS_UNADJUSTED_NOT_EVIDENCE
62,1,0,62,EXTREME_vs_RANDOM_CONTROL,state_a_before_normalized,0.000000,DESCRIPTIVE_MULTIPLE_LOOKS_UNADJUSTED_NOT_EVIDENCE
63,1,0,63,EXTREME_vs_RANDOM_CONTROL,state_a_before_normalized,0.000000,DESCRIPTIVE_MULTIPLE_LOOKS_UNADJUSTED_NOT_EVIDENCE
64,1,1,0,EXTREME_vs_RANDOM_CONTROL,state_a_before_normalized,0.000000,DESCRIPTIVE_MULTIPLE_LOOKS_UNADJUSTED_NOT_EVIDENCE
65,1,1,1,EXTREME_vs_RANDOM_CONTROL,state_a_before_normalized,0.000000,DESCRIPTIVE_MULTIPLE_LOOKS_UNADJUSTED_NOT_EVIDENCE
66,1,1,2,EXTREME_vs_RANDOM_CONTROL,state_a_before_normalized,0.000000,DESCRIPTIVE_MULTIPLE_LOOKS_UNADJUSTED_NOT_EVIDENCE
67,1,1,3,EXTREME_vs_RANDOM_CONTROL,W_normalized,0.082397,DESCRIPTIVE_MULTIPLE_LOOKS_UNADJUSTED_NOT_EVIDENCE
68,1,1,4,EXTREME_vs_RANDOM_CONTROL,T1_carry_count,-0.107056,DESCRIPTIVE_MULTIPLE_LOOKS_UNADJUSTED_NOT_EVIDENCE
69,1,1,5,EXTREME_vs_RANDOM_CONTROL,Sigma1_popcount,0.105560,DESCRIPTIVE_MULTIPLE_LOOKS_UNADJUSTED_NOT_EVIDENCE
70,1,1,6,EXTREME_vs_RANDOM_CONTROL,state_f_before_popcount,0.091125,DESCRIPTIVE_MULTIPLE_LOOKS_UNADJUSTED_NOT_EVIDENCE
71,1,1,7,EXTREME_vs_RANDOM_CONTROL,Maj_popcount,-0.122406,DESCRIPTIVE_MULTIPLE_LOOKS_UNADJUSTED_NOT_EVIDENCE
72,1,1,8,EXTREME_vs_RANDOM_CONTROL,T1_normalized,-0.176819,DESCRIPTIVE_MULTIPLE_LOOKS_UNADJUSTED_NOT_EVIDENCE
73,1,1,9,EXTREME_vs_RANDOM_CONTROL,new_e_chain_count,0.118805,DESCRIPTIVE_MULTIPLE_LOOKS_UNADJUSTED_NOT_EVIDENCE
74,1,1,10,EXTREME_vs_RANDOM_CONTROL,Sigma1_normalized,0.103333,DESCRIPTIVE_MULTIPLE_LOOKS_UNADJUSTED_NOT_EVIDENCE
75,1,1,11,EXTREME_vs_RANDOM_CONTROL,Sigma0_bit_transitions,-0.127655,DESCRIPTIVE_MULTIPLE_LOOKS_UNADJUSTED_NOT_EVIDENCE
76,1,1,12,EXTREME_vs_RANDOM_CONTROL,Sigma1_popcount,0.112396,DESCRIPTIVE_MULTIPLE_LOOKS_UNADJUSTED_NOT_EVIDENCE
77,1,1,13,EXTREME_vs_RANDOM_CONTROL,state_c_before_normalized,0.108521,DESCRIPTIVE_MULTIPLE_LOOKS_UNADJUSTED_NOT_EVIDENCE
78,1,1,14,EXTREME_vs_RANDOM_CONTROL,T1_maximum_chain,0.121613,DESCRIPTIVE_MULTIPLE_LOOKS_UNADJUSTED_NOT_EVIDENCE
79,1,1,15,EXTREME_vs_RANDOM_CONTROL,state_e_before_bit_transitions,-0.130707,DESCRIPTIVE_MULTIPLE_LOOKS_UNADJUSTED_NOT_EVIDENCE
80,1,1,16,EXTREME_vs_RANDOM_CONTROL,state_f_before_bit_transitions,-0.130707,DESCRIPTIVE_MULTIPLE_LOOKS_UNADJUSTED_NOT_EVIDENCE
81,1,1,17,EXTREME_vs_RANDOM_CONTROL,state_g_before_bit_transitions,-0.130707,DESCRIPTIVE_MULTIPLE_LOOKS_UNADJUSTED_NOT_EVIDENCE
82,1,1,18,EXTREME_vs_RANDOM_CONTROL,new_e_carry_count,-0.167633,DESCRIPTIVE_MULTIPLE_LOOKS_UNADJUSTED_NOT_EVIDENCE
83,1,1,19,EXTREME_vs_RANDOM_CONTROL,state_h_before_normalized,-0.114258,DESCRIPTIVE_MULTIPLE_LOOKS_UNADJUSTED_NOT_EVIDENCE
84,1,1,20,EXTREME_vs_RANDOM_CONTROL,state_f_before_popcount,0.098114,DESCRIPTIVE_MULTIPLE_LOOKS_UNADJUSTED_NOT_EVIDENCE
85,1,1,21,EXTREME_vs_RANDOM_CONTROL,Maj_bit_transitions,0.121277,DESCRIPTIVE_MULTIPLE_LOOKS_UNADJUSTED_NOT_EVIDENCE
86,1,1,22,EXTREME_vs_RANDOM_CONTROL,T2_bit_transitions,-0.167114,DESCRIPTIVE_MULTIPLE_LOOKS_UNADJUSTED_NOT_EVIDENCE
87,1,1,23,EXTREME_vs_RANDOM_CONTROL,W_popcount,0.105072,DESCRIPTIVE_MULTIPLE_LOOKS_UNADJUSTED_NOT_EVIDENCE
88,1,1,24,EXTREME_vs_RANDOM_CONTROL,state_g_before_bit_transitions,0.104370,DESCRIPTIVE_MULTIPLE_LOOKS_UNADJUSTED_NOT_EVIDENCE
89,1,1,25,EXTREME_vs_RANDOM_CONTROL,W_popcount,0.129211,DESCRIPTIVE_MULTIPLE_LOOKS_UNADJUSTED_NOT_EVIDENCE
90,1,1,26,EXTREME_vs_RANDOM_CONTROL,W_popcount,-0.146790,DESCRIPTIVE_MULTIPLE_LOOKS_UNADJUSTED_NOT_EVIDENCE
91,1,1,27,EXTREME_vs_RANDOM_CONTROL,new_a_chain_count,0.143097,DESCRIPTIVE_MULTIPLE_LOOKS_UNADJUSTED_NOT_EVIDENCE
92,1,1,28,EXTREME_vs_RANDOM_CONTROL,Sigma0_normalized,-0.122864,DESCRIPTIVE_MULTIPLE_LOOKS_UNADJUSTED_NOT_EVIDENCE
93,1,1,29,EXTREME_vs_RANDOM_CONTROL,T1_bit_transitions,-0.119324,DESCRIPTIVE_MULTIPLE_LOOKS_UNADJUSTED_NOT_EVIDENCE
94,1,1,30,EXTREME_vs_RANDOM_CONTROL,state_f_before_popcount,-0.105652,DESCRIPTIVE_MULTIPLE_LOOKS_UNADJUSTED_NOT_EVIDENCE
95,1,1,31,EXTREME_vs_RANDOM_CONTROL,state_g_before_popcount,-0.105652,DESCRIPTIVE_MULTIPLE_LOOKS_UNADJUSTED_NOT_EVIDENCE
96,1,1,32,EXTREME_vs_RANDOM_CONTROL,T1_normalized,-0.130920,DESCRIPTIVE_MULTIPLE_LOOKS_UNADJUSTED_NOT_EVIDENCE
97,1,1,33,EXTREME_vs_RANDOM_CONTROL,W_normalized,0.122620,DESCRIPTIVE_MULTIPLE_LOOKS_UNADJUSTED_NOT_EVIDENCE
98,1,1,34,EXTREME_vs_RANDOM_CONTROL,T1_normalized,0.093018,DESCRIPTIVE_MULTIPLE_LOOKS_UNADJUSTED_NOT_EVIDENCE
99,1,1,35,EXTREME_vs_RANDOM_CONTROL,T1_popcount,-0.167114,DESCRIPTIVE_MULTIPLE_LOOKS_UNADJUSTED_NOT_EVIDENCE
100,1,1,36,EXTREME_vs_RANDOM_CONTROL,T1_popcount,-0.158844,DESCRIPTIVE_MULTIPLE_LOOKS_UNADJUSTED_NOT_EVIDENCE
101,1,1,37,EXTREME_vs_RANDOM_CONTROL,T1_popcount,-0.139648,DESCRIPTIVE_MULTIPLE_LOOKS_UNADJUSTED_NOT_EVIDENCE
102,1,1,38,EXTREME_vs_RANDOM_CONTROL,T2_carry_count,-0.154877,DESCRIPTIVE_MULTIPLE_LOOKS_UNADJUSTED_NOT_EVIDENCE
103,1,1,39,EXTREME_vs_RANDOM_CONTROL,T2_chain_count,0.112488,DESCRIPTIVE_MULTIPLE_LOOKS_UNADJUSTED_NOT_EVIDENCE
104,1,1,40,EXTREME_vs_RANDOM_CONTROL,W_normalized,-0.108276,DESCRIPTIVE_MULTIPLE_LOOKS_UNADJUSTED_NOT_EVIDENCE
105,1,1,41,EXTREME_vs_RANDOM_CONTROL,state_c_before_bit_transitions,0.092621,DESCRIPTIVE_MULTIPLE_LOOKS_UNADJUSTED_NOT_EVIDENCE
106,1,1,42,EXTREME_vs_RANDOM_CONTROL,T2_popcount,-0.153961,DESCRIPTIVE_MULTIPLE_LOOKS_UNADJUSTED_NOT_EVIDENCE
107,1,1,43,EXTREME_vs_RANDOM_CONTROL,Sigma0_normalized,0.153381,DESCRIPTIVE_MULTIPLE_LOOKS_UNADJUSTED_NOT_EVIDENCE
108,1,1,44,EXTREME_vs_RANDOM_CONTROL,state_f_before_normalized,-0.124817,DESCRIPTIVE_MULTIPLE_LOOKS_UNADJUSTED_NOT_EVIDENCE
109,1,1,45,EXTREME_vs_RANDOM_CONTROL,Maj_normalized,-0.145020,DESCRIPTIVE_MULTIPLE_LOOKS_UNADJUSTED_NOT_EVIDENCE
110,1,1,46,EXTREME_vs_RANDOM_CONTROL,state_a_before_normalized,0.126343,DESCRIPTIVE_MULTIPLE_LOOKS_UNADJUSTED_NOT_EVIDENCE
111,1,1,47,EXTREME_vs_RANDOM_CONTROL,new_a_carry_count,0.136536,DESCRIPTIVE_MULTIPLE_LOOKS_UNADJUSTED_NOT_EVIDENCE
112,1,1,48,EXTREME_vs_RANDOM_CONTROL,state_f_before_popcount,0.132721,DESCRIPTIVE_MULTIPLE_LOOKS_UNADJUSTED_NOT_EVIDENCE
113,1,1,49,EXTREME_vs_RANDOM_CONTROL,Sigma0_popcount,0.140961,DESCRIPTIVE_MULTIPLE_LOOKS_UNADJUSTED_NOT_EVIDENCE
114,1,1,50,EXTREME_vs_RANDOM_CONTROL,state_h_before_popcount,0.132721,DESCRIPTIVE_MULTIPLE_LOOKS_UNADJUSTED_NOT_EVIDENCE
115,1,1,51,EXTREME_vs_RANDOM_CONTROL,T1_normalized,0.144653,DESCRIPTIVE_MULTIPLE_LOOKS_UNADJUSTED_NOT_EVIDENCE
116,1,1,52,EXTREME_vs_RANDOM_CONTROL,state_b_before_normalized,-0.117065,DESCRIPTIVE_MULTIPLE_LOOKS_UNADJUSTED_NOT_EVIDENCE
117,1,1,53,EXTREME_vs_RANDOM_CONTROL,W_bit_transitions,0.121552,DESCRIPTIVE_MULTIPLE_LOOKS_UNADJUSTED_NOT_EVIDENCE
118,1,1,54,EXTREME_vs_RANDOM_CONTROL,state_d_before_normalized,-0.117065,DESCRIPTIVE_MULTIPLE_LOOKS_UNADJUSTED_NOT_EVIDENCE
119,1,1,55,EXTREME_vs_RANDOM_CONTROL,state_c_before_popcount,0.093811,DESCRIPTIVE_MULTIPLE_LOOKS_UNADJUSTED_NOT_EVIDENCE
120,1,1,56,EXTREME_vs_RANDOM_CONTROL,W_bit_transitions,0.149475,DESCRIPTIVE_MULTIPLE_LOOKS_UNADJUSTED_NOT_EVIDENCE
121,1,1,57,EXTREME_vs_RANDOM_CONTROL,state_e_before_bit_transitions,-0.125977,DESCRIPTIVE_MULTIPLE_LOOKS_UNADJUSTED_NOT_EVIDENCE
122,1,1,58,EXTREME_vs_RANDOM_CONTROL,state_f_before_bit_transitions,-0.125977,DESCRIPTIVE_MULTIPLE_LOOKS_UNADJUSTED_NOT_EVIDENCE
123,1,1,59,EXTREME_vs_RANDOM_CONTROL,state_g_before_bit_transitions,-0.125977,DESCRIPTIVE_MULTIPLE_LOOKS_UNADJUSTED_NOT_EVIDENCE
124,1,1,60,EXTREME_vs_RANDOM_CONTROL,state_h_before_bit_transitions,-0.125977,DESCRIPTIVE_MULTIPLE_LOOKS_UNADJUSTED_NOT_EVIDENCE
125,1,1,61,EXTREME_vs_RANDOM_CONTROL,W_popcount,-0.116974,DESCRIPTIVE_MULTIPLE_LOOKS_UNADJUSTED_NOT_EVIDENCE
126,1,1,62,EXTREME_vs_RANDOM_CONTROL,new_e_chain_count,0.110107,DESCRIPTIVE_MULTIPLE_LOOKS_UNADJUSTED_NOT_EVIDENCE
127,1,1,63,EXTREME_vs_RANDOM_CONTROL,new_e_carry_count,0.137817,DESCRIPTIVE_MULTIPLE_LOOKS_UNADJUSTED_NOT_EVIDENCE
128,2,0,0,EXTREME_vs_RANDOM_CONTROL,W_popcount,-0.115448,DESCRIPTIVE_MULTIPLE_LOOKS_UNADJUSTED_NOT_EVIDENCE
129,2,0,1,EXTREME_vs_RANDOM_CONTROL,T2_chain_count,-0.067871,DESCRIPTIVE_MULTIPLE_LOOKS_UNADJUSTED_NOT_EVIDENCE
130,2,0,2,EXTREME_vs_RANDOM_CONTROL,state_e_before_bit_transitions,-0.132080,DESCRIPTIVE_MULTIPLE_LOOKS_UNADJUSTED_NOT_EVIDENCE
131,2,0,3,EXTREME_vs_RANDOM_CONTROL,state_f_before_bit_transitions,-0.132080,DESCRIPTIVE_MULTIPLE_LOOKS_UNADJUSTED_NOT_EVIDENCE
132,2,0,4,EXTREME_vs_RANDOM_CONTROL,W_normalized,-0.165039,DESCRIPTIVE_MULTIPLE_LOOKS_UNADJUSTED_NOT_EVIDENCE
133,2,0,5,EXTREME_vs_RANDOM_CONTROL,state_h_before_bit_transitions,-0.132080,DESCRIPTIVE_MULTIPLE_LOOKS_UNADJUSTED_NOT_EVIDENCE
134,2,0,6,EXTREME_vs_RANDOM_CONTROL,state_b_before_normalized,0.089417,DESCRIPTIVE_MULTIPLE_LOOKS_UNADJUSTED_NOT_EVIDENCE
135,2,0,7,EXTREME_vs_RANDOM_CONTROL,T2_bit_transitions,0.116364,DESCRIPTIVE_MULTIPLE_LOOKS_UNADJUSTED_NOT_EVIDENCE
136,2,0,8,EXTREME_vs_RANDOM_CONTROL,state_e_before_bit_transitions,0.102203,DESCRIPTIVE_MULTIPLE_LOOKS_UNADJUSTED_NOT_EVIDENCE
137,2,0,9,EXTREME_vs_RANDOM_CONTROL,Sigma0_popcount,-0.138885,DESCRIPTIVE_MULTIPLE_LOOKS_UNADJUSTED_NOT_EVIDENCE
138,2,0,10,EXTREME_vs_RANDOM_CONTROL,new_e_chain_count,0.121338,DESCRIPTIVE_MULTIPLE_LOOKS_UNADJUSTED_NOT_EVIDENCE
139,2,0,11,EXTREME_vs_RANDOM_CONTROL,Sigma1_popcount,0.121399,DESCRIPTIVE_MULTIPLE_LOOKS_UNADJUSTED_NOT_EVIDENCE
140,2,0,12,EXTREME_vs_RANDOM_CONTROL,state_f_before_bit_transitions,0.108765,DESCRIPTIVE_MULTIPLE_LOOKS_UNADJUSTED_NOT_EVIDENCE
141,2,0,13,EXTREME_vs_RANDOM_CONTROL,Sigma0_popcount,-0.109802,DESCRIPTIVE_MULTIPLE_LOOKS_UNADJUSTED_NOT_EVIDENCE
142,2,0,14,EXTREME_vs_RANDOM_CONTROL,T2_normalized,-0.140442,DESCRIPTIVE_MULTIPLE_LOOKS_UNADJUSTED_NOT_EVIDENCE
143,2,0,15,EXTREME_vs_RANDOM_CONTROL,Ch_normalized,-0.112793,DESCRIPTIVE_MULTIPLE_LOOKS_UNADJUSTED_NOT_EVIDENCE
144,2,0,16,EXTREME_vs_RANDOM_CONTROL,T2_normalized,0.143799,DESCRIPTIVE_MULTIPLE_LOOKS_UNADJUSTED_NOT_EVIDENCE
145,2,0,17,EXTREME_vs_RANDOM_CONTROL,Sigma1_bit_transitions,-0.141022,DESCRIPTIVE_MULTIPLE_LOOKS_UNADJUSTED_NOT_EVIDENCE
146,2,0,18,EXTREME_vs_RANDOM_CONTROL,new_a_chain_count,-0.145294,DESCRIPTIVE_MULTIPLE_LOOKS_UNADJUSTED_NOT_EVIDENCE
147,2,0,19,EXTREME_vs_RANDOM_CONTROL,Maj_popcount,0.131683,DESCRIPTIVE_MULTIPLE_LOOKS_UNADJUSTED_NOT_EVIDENCE
148,2,0,20,EXTREME_vs_RANDOM_CONTROL,Maj_normalized,0.118408,DESCRIPTIVE_MULTIPLE_LOOKS_UNADJUSTED_NOT_EVIDENCE
149,2,0,21,EXTREME_vs_RANDOM_CONTROL,Sigma1_normalized,0.114136,DESCRIPTIVE_MULTIPLE_LOOKS_UNADJUSTED_NOT_EVIDENCE
150,2,0,22,EXTREME_vs_RANDOM_CONTROL,Maj_bit_transitions,-0.147003,DESCRIPTIVE_MULTIPLE_LOOKS_UNADJUSTED_NOT_EVIDENCE
151,2,0,23,EXTREME_vs_RANDOM_CONTROL,state_g_before_popcount,-0.110321,DESCRIPTIVE_MULTIPLE_LOOKS_UNADJUSTED_NOT_EVIDENCE
152,2,0,24,EXTREME_vs_RANDOM_CONTROL,state_e_before_normalized,0.110596,DESCRIPTIVE_MULTIPLE_LOOKS_UNADJUSTED_NOT_EVIDENCE
153,2,0,25,EXTREME_vs_RANDOM_CONTROL,Ch_normalized,0.122681,DESCRIPTIVE_MULTIPLE_LOOKS_UNADJUSTED_NOT_EVIDENCE
154,2,0,26,EXTREME_vs_RANDOM_CONTROL,T1_normalized,-0.132263,DESCRIPTIVE_MULTIPLE_LOOKS_UNADJUSTED_NOT_EVIDENCE
155,2,0,27,EXTREME_vs_RANDOM_CONTROL,W_popcount,0.126648,DESCRIPTIVE_MULTIPLE_LOOKS_UNADJUSTED_NOT_EVIDENCE
156,2,0,28,EXTREME_vs_RANDOM_CONTROL,state_g_before_popcount,-0.126038,DESCRIPTIVE_MULTIPLE_LOOKS_UNADJUSTED_NOT_EVIDENCE
157,2,0,29,EXTREME_vs_RANDOM_CONTROL,T2_normalized,0.162842,DESCRIPTIVE_MULTIPLE_LOOKS_UNADJUSTED_NOT_EVIDENCE
158,2,0,30,EXTREME_vs_RANDOM_CONTROL,T2_maximum_chain,0.114044,DESCRIPTIVE_MULTIPLE_LOOKS_UNADJUSTED_NOT_EVIDENCE
159,2,0,31,EXTREME_vs_RANDOM_CONTROL,state_f_before_popcount,-0.108856,DESCRIPTIVE_MULTIPLE_LOOKS_UNADJUSTED_NOT_EVIDENCE
160,2,0,32,EXTREME_vs_RANDOM_CONTROL,Sigma1_normalized,0.133789,DESCRIPTIVE_MULTIPLE_LOOKS_UNADJUSTED_NOT_EVIDENCE
161,2,0,33,EXTREME_vs_RANDOM_CONTROL,state_h_before_popcount,-0.108856,DESCRIPTIVE_MULTIPLE_LOOKS_UNADJUSTED_NOT_EVIDENCE
162,2,0,34,EXTREME_vs_RANDOM_CONTROL,state_f_before_normalized,-0.106384,DESCRIPTIVE_MULTIPLE_LOOKS_UNADJUSTED_NOT_EVIDENCE
163,2,0,35,EXTREME_vs_RANDOM_CONTROL,state_g_before_normalized,-0.106384,DESCRIPTIVE_MULTIPLE_LOOKS_UNADJUSTED_NOT_EVIDENCE
164,2,0,36,EXTREME_vs_RANDOM_CONTROL,state_h_before_normalized,-0.106384,DESCRIPTIVE_MULTIPLE_LOOKS_UNADJUSTED_NOT_EVIDENCE
165,2,0,37,EXTREME_vs_RANDOM_CONTROL,state_e_before_normalized,-0.115784,DESCRIPTIVE_MULTIPLE_LOOKS_UNADJUSTED_NOT_EVIDENCE
166,2,0,38,EXTREME_vs_RANDOM_CONTROL,Ch_popcount,-0.133911,DESCRIPTIVE_MULTIPLE_LOOKS_UNADJUSTED_NOT_EVIDENCE
167,2,0,39,EXTREME_vs_RANDOM_CONTROL,Ch_normalized,-0.118408,DESCRIPTIVE_MULTIPLE_LOOKS_UNADJUSTED_NOT_EVIDENCE
168,2,0,40,EXTREME_vs_RANDOM_CONTROL,T2_normalized,0.121765,DESCRIPTIVE_MULTIPLE_LOOKS_UNADJUSTED_NOT_EVIDENCE
169,2,0,41,EXTREME_vs_RANDOM_CONTROL,T2_normalized,-0.108704,DESCRIPTIVE_MULTIPLE_LOOKS_UNADJUSTED_NOT_EVIDENCE
170,2,0,42,EXTREME_vs_RANDOM_CONTROL,T1_bit_transitions,0.098145,DESCRIPTIVE_MULTIPLE_LOOKS_UNADJUSTED_NOT_EVIDENCE
171,2,0,43,EXTREME_vs_RANDOM_CONTROL,state_e_before_popcount,0.119781,DESCRIPTIVE_MULTIPLE_LOOKS_UNADJUSTED_NOT_EVIDENCE
172,2,0,44,EXTREME_vs_RANDOM_CONTROL,state_f_before_popcount,0.119781,DESCRIPTIVE_MULTIPLE_LOOKS_UNADJUSTED_NOT_EVIDENCE
173,2,0,45,EXTREME_vs_RANDOM_CONTROL,T2_maximum_chain,0.148376,DESCRIPTIVE_MULTIPLE_LOOKS_UNADJUSTED_NOT_EVIDENCE
174,2,0,46,EXTREME_vs_RANDOM_CONTROL,T2_chain_count,-0.153015,DESCRIPTIVE_MULTIPLE_LOOKS_UNADJUSTED_NOT_EVIDENCE
175,2,0,47,EXTREME_vs_RANDOM_CONTROL,state_h_before_bit_transitions,-0.114136,DESCRIPTIVE_MULTIPLE_LOOKS_UNADJUSTED_NOT_EVIDENCE
176,2,0,48,EXTREME_vs_RANDOM_CONTROL,T2_carry_count,0.121246,DESCRIPTIVE_MULTIPLE_LOOKS_UNADJUSTED_NOT_EVIDENCE
177,2,0,49,EXTREME_vs_RANDOM_CONTROL,Ch_popcount,0.117889,DESCRIPTIVE_MULTIPLE_LOOKS_UNADJUSTED_NOT_EVIDENCE
178,2,0,50,EXTREME_vs_RANDOM_CONTROL,state_c_before_bit_transitions,-0.098602,DESCRIPTIVE_MULTIPLE_LOOKS_UNADJUSTED_NOT_EVIDENCE
179,2,0,51,EXTREME_vs_RANDOM_CONTROL,Maj_bit_transitions,0.154297,DESCRIPTIVE_MULTIPLE_LOOKS_UNADJUSTED_NOT_EVIDENCE
180,2,0,52,EXTREME_vs_RANDOM_CONTROL,state_f_before_bit_transitions,0.143921,DESCRIPTIVE_MULTIPLE_LOOKS_UNADJUSTED_NOT_EVIDENCE
181,2,0,53,EXTREME_vs_RANDOM_CONTROL,state_g_before_bit_transitions,0.143921,DESCRIPTIVE_MULTIPLE_LOOKS_UNADJUSTED_NOT_EVIDENCE
182,2,0,54,EXTREME_vs_RANDOM_CONTROL,Sigma1_bit_transitions,0.144775,DESCRIPTIVE_MULTIPLE_LOOKS_UNADJUSTED_NOT_EVIDENCE
183,2,0,55,EXTREME_vs_RANDOM_CONTROL,state_f_before_normalized,0.130310,DESCRIPTIVE_MULTIPLE_LOOKS_UNADJUSTED_NOT_EVIDENCE
184,2,0,56,EXTREME_vs_RANDOM_CONTROL,state_g_before_normalized,0.130310,DESCRIPTIVE_MULTIPLE_LOOKS_UNADJUSTED_NOT_EVIDENCE
185,2,0,57,EXTREME_vs_RANDOM_CONTROL,state_h_before_normalized,0.130310,DESCRIPTIVE_MULTIPLE_LOOKS_UNADJUSTED_NOT_EVIDENCE
186,2,0,58,EXTREME_vs_RANDOM_CONTROL,T2_maximum_chain,0.141785,DESCRIPTIVE_MULTIPLE_LOOKS_UNADJUSTED_NOT_EVIDENCE
187,2,0,59,EXTREME_vs_RANDOM_CONTROL,new_a_maximum_chain,-0.148041,DESCRIPTIVE_MULTIPLE_LOOKS_UNADJUSTED_NOT_EVIDENCE
188,2,0,60,EXTREME_vs_RANDOM_CONTROL,new_e_carry_count,-0.243225,DESCRIPTIVE_MULTIPLE_LOOKS_UNADJUSTED_NOT_EVIDENCE
189,2,0,61,EXTREME_vs_RANDOM_CONTROL,Sigma1_popcount,0.555145,DESCRIPTIVE_MULTIPLE_LOOKS_UNADJUSTED_NOT_EVIDENCE
190,2,0,62,EXTREME_vs_RANDOM_CONTROL,state_f_before_popcount,0.535461,DESCRIPTIVE_MULTIPLE_LOOKS_UNADJUSTED_NOT_EVIDENCE
191,2,0,63,EXTREME_vs_RANDOM_CONTROL,state_g_before_popcount,0.535461,DESCRIPTIVE_MULTIPLE_LOOKS_UNADJUSTED_NOT_EVIDENCE
0,1,0,0,VERY_GOOD_vs_RANDOM_CONTROL,state_a_before_normalized,0.000000,DESCRIPTIVE_MULTIPLE_LOOKS_UNADJUSTED_NOT_EVIDENCE
1,1,0,1,VERY_GOOD_vs_RANDOM_CONTROL,state_a_before_normalized,0.000000,DESCRIPTIVE_MULTIPLE_LOOKS_UNADJUSTED_NOT_EVIDENCE
2,1,0,2,VERY_GOOD_vs_RANDOM_CONTROL,state_a_before_normalized,0.000000,DESCRIPTIVE_MULTIPLE_LOOKS_UNADJUSTED_NOT_EVIDENCE
3,1,0,3,VERY_GOOD_vs_RANDOM_CONTROL,state_a_before_normalized,0.000000,DESCRIPTIVE_MULTIPLE_LOOKS_UNADJUSTED_NOT_EVIDENCE
4,1,0,4,VERY_GOOD_vs_RANDOM_CONTROL,state_a_before_normalized,0.000000,DESCRIPTIVE_MULTIPLE_LOOKS_UNADJUSTED_NOT_EVIDENCE
5,1,0,5,VERY_GOOD_vs_RANDOM_CONTROL,state_a_before_normalized,0.000000,DESCRIPTIVE_MULTIPLE_LOOKS_UNADJUSTED_NOT_EVIDENCE
6,1,0,6,VERY_GOOD_vs_RANDOM_CONTROL,state_a_before_normalized,0.000000,DESCRIPTIVE_MULTIPLE_LOOKS_UNADJUSTED_NOT_EVIDENCE
7,1,0,7,VERY_GOOD_vs_RANDOM_CONTROL,state_a_before_normalized,0.000000,DESCRIPTIVE_MULTIPLE_LOOKS_UNADJUSTED_NOT_EVIDENCE
8,1,0,8,VERY_GOOD_vs_RANDOM_CONTROL,state_a_before_normalized,0.000000,DESCRIPTIVE_MULTIPLE_LOOKS_UNADJUSTED_NOT_EVIDENCE
9,1,0,9,VERY_GOOD_vs_RANDOM_CONTROL,state_a_before_normalized,0.000000,DESCRIPTIVE_MULTIPLE_LOOKS_UNADJUSTED_NOT_EVIDENCE
10,1,0,10,VERY_GOOD_vs_RANDOM_CONTROL,state_a_before_normalized,0.000000,DESCRIPTIVE_MULTIPLE_LOOKS_UNADJUSTED_NOT_EVIDENCE
11,1,0,11,VERY_GOOD_vs_RANDOM_CONTROL,state_a_before_normalized,0.000000,DESCRIPTIVE_MULTIPLE_LOOKS_UNADJUSTED_NOT_EVIDENCE
12,1,0,12,VERY_GOOD_vs_RANDOM_CONTROL,state_a_before_normalized,0.000000,DESCRIPTIVE_MULTIPLE_LOOKS_UNADJUSTED_NOT_EVIDENCE
13,1,0,13,VERY_GOOD_vs_RANDOM_CONTROL,state_a_before_normalized,0.000000,DESCRIPTIVE_MULTIPLE_LOOKS_UNADJUSTED_NOT_EVIDENCE
14,1,0,14,VERY_GOOD_vs_RANDOM_CONTROL,state_a_before_normalized,0.000000,DESCRIPTIVE_MULTIPLE_LOOKS_UNADJUSTED_NOT_EVIDENCE
15,1,0,15,VERY_GOOD_vs_RANDOM_CONTROL,state_a_before_normalized,0.000000,DESCRIPTIVE_MULTIPLE_LOOKS_UNADJUSTED_NOT_EVIDENCE
16,1,0,16,VERY_GOOD_vs_RANDOM_CONTROL,state_a_before_normalized,0.000000,DESCRIPTIVE_MULTIPLE_LOOKS_UNADJUSTED_NOT_EVIDENCE
17,1,0,17,VERY_GOOD_vs_RANDOM_CONTROL,state_a_before_normalized,0.000000,DESCRIPTIVE_MULTIPLE_LOOKS_UNADJUSTED_NOT_EVIDENCE
18,1,0,18,VERY_GOOD_vs_RANDOM_CONTROL,state_a_before_normalized,0.000000,DESCRIPTIVE_MULTIPLE_LOOKS_UNADJUSTED_NOT_EVIDENCE
19,1,0,19,VERY_GOOD_vs_RANDOM_CONTROL,state_a_before_normalized,0.000000,DESCRIPTIVE_MULTIPLE_LOOKS_UNADJUSTED_NOT_EVIDENCE
20,1,0,20,VERY_GOOD_vs_RANDOM_CONTROL,state_a_before_normalized,0.000000,DESCRIPTIVE_MULTIPLE_LOOKS_UNADJUSTED_NOT_EVIDENCE
21,1,0,21,VERY_GOOD_vs_RANDOM_CONTROL,state_a_before_normalized,0.000000,DESCRIPTIVE_MULTIPLE_LOOKS_UNADJUSTED_NOT_EVIDENCE
22,1,0,22,VERY_GOOD_vs_RANDOM_CONTROL,state_a_before_normalized,0.000000,DESCRIPTIVE_MULTIPLE_LOOKS_UNADJUSTED_NOT_EVIDENCE
23,1,0,23,VERY_GOOD_vs_RANDOM_CONTROL,state_a_before_normalized,0.000000,DESCRIPTIVE_MULTIPLE_LOOKS_UNADJUSTED_NOT_EVIDENCE
24,1,0,24,VERY_GOOD_vs_RANDOM_CONTROL,state_a_before_normalized,0.000000,DESCRIPTIVE_MULTIPLE_LOOKS_UNADJUSTED_NOT_EVIDENCE
25,1,0,25,VERY_GOOD_vs_RANDOM_CONTROL,state_a_before_normalized,0.000000,DESCRIPTIVE_MULTIPLE_LOOKS_UNADJUSTED_NOT_EVIDENCE
26,1,0,26,VERY_GOOD_vs_RANDOM_CONTROL,state_a_before_normalized,0.000000,DESCRIPTIVE_MULTIPLE_LOOKS_UNADJUSTED_NOT_EVIDENCE
27,1,0,27,VERY_GOOD_vs_RANDOM_CONTROL,state_a_before_normalized,0.000000,DESCRIPTIVE_MULTIPLE_LOOKS_UNADJUSTED_NOT_EVIDENCE
28,1,0,28,VERY_GOOD_vs_RANDOM_CONTROL,state_a_before_normalized,0.000000,DESCRIPTIVE_MULTIPLE_LOOKS_UNADJUSTED_NOT_EVIDENCE
29,1,0,29,VERY_GOOD_vs_RANDOM_CONTROL,state_a_before_normalized,0.000000,DESCRIPTIVE_MULTIPLE_LOOKS_UNADJUSTED_NOT_EVIDENCE
30,1,0,30,VERY_GOOD_vs_RANDOM_CONTROL,state_a_before_normalized,0.000000,DESCRIPTIVE_MULTIPLE_LOOKS_UNADJUSTED_NOT_EVIDENCE
31,1,0,31,VERY_GOOD_vs_RANDOM_CONTROL,state_a_before_normalized,0.000000,DESCRIPTIVE_MULTIPLE_LOOKS_UNADJUSTED_NOT_EVIDENCE
32,1,0,32,VERY_GOOD_vs_RANDOM_CONTROL,state_a_before_normalized,0.000000,DESCRIPTIVE_MULTIPLE_LOOKS_UNADJUSTED_NOT_EVIDENCE
33,1,0,33,VERY_GOOD_vs_RANDOM_CONTROL,state_a_before_normalized,0.000000,DESCRIPTIVE_MULTIPLE_LOOKS_UNADJUSTED_NOT_EVIDENCE
34,1,0,34,VERY_GOOD_vs_RANDOM_CONTROL,state_a_before_normalized,0.000000,DESCRIPTIVE_MULTIPLE_LOOKS_UNADJUSTED_NOT_EVIDENCE
35,1,0,35,VERY_GOOD_vs_RANDOM_CONTROL,state_a_before_normalized,0.000000,DESCRIPTIVE_MULTIPLE_LOOKS_UNADJUSTED_NOT_EVIDENCE
36,1,0,36,VERY_GOOD_vs_RANDOM_CONTROL,state_a_before_normalized,0.000000,DESCRIPTIVE_MULTIPLE_LOOKS_UNADJUSTED_NOT_EVIDENCE
37,1,0,37,VERY_GOOD_vs_RANDOM_CONTROL,state_a_before_normalized,0.000000,DESCRIPTIVE_MULTIPLE_LOOKS_UNADJUSTED_NOT_EVIDENCE
38,1,0,38,VERY_GOOD_vs_RANDOM_CONTROL,state_a_before_normalized,0.000000,DESCRIPTIVE_MULTIPLE_LOOKS_UNADJUSTED_NOT_EVIDENCE
39,1,0,39,VERY_GOOD_vs_RANDOM_CONTROL,state_a_before_normalized,0.000000,DESCRIPTIVE_MULTIPLE_LOOKS_UNADJUSTED_NOT_EVIDENCE
40,1,0,40,VERY_GOOD_vs_RANDOM_CONTROL,state_a_before_normalized,0.000000,DESCRIPTIVE_MULTIPLE_LOOKS_UNADJUSTED_NOT_EVIDENCE
41,1,0,41,VERY_GOOD_vs_RANDOM_CONTROL,state_a_before_normalized,0.000000,DESCRIPTIVE_MULTIPLE_LOOKS_UNADJUSTED_NOT_EVIDENCE
42,1,0,42,VERY_GOOD_vs_RANDOM_CONTROL,state_a_before_normalized,0.000000,DESCRIPTIVE_MULTIPLE_LOOKS_UNADJUSTED_NOT_EVIDENCE
43,1,0,43,VERY_GOOD_vs_RANDOM_CONTROL,state_a_before_normalized,0.000000,DESCRIPTIVE_MULTIPLE_LOOKS_UNADJUSTED_NOT_EVIDENCE
44,1,0,44,VERY_GOOD_vs_RANDOM_CONTROL,state_a_before_normalized,0.000000,DESCRIPTIVE_MULTIPLE_LOOKS_UNADJUSTED_NOT_EVIDENCE
45,1,0,45,VERY_GOOD_vs_RANDOM_CONTROL,state_a_before_normalized,0.000000,DESCRIPTIVE_MULTIPLE_LOOKS_UNADJUSTED_NOT_EVIDENCE
46,1,0,46,VERY_GOOD_vs_RANDOM_CONTROL,state_a_before_normalized,0.000000,DESCRIPTIVE_MULTIPLE_LOOKS_UNADJUSTED_NOT_EVIDENCE
47,1,0,47,VERY_GOOD_vs_RANDOM_CONTROL,state_a_before_normalized,0.000000,DESCRIPTIVE_MULTIPLE_LOOKS_UNADJUSTED_NOT_EVIDENCE
48,1,0,48,VERY_GOOD_vs_RANDOM_CONTROL,state_a_before_normalized,0.000000,DESCRIPTIVE_MULTIPLE_LOOKS_UNADJUSTED_NOT_EVIDENCE
49,1,0,49,VERY_GOOD_vs_RANDOM_CONTROL,state_a_before_normalized,0.000000,DESCRIPTIVE_MULTIPLE_LOOKS_UNADJUSTED_NOT_EVIDENCE
50,1,0,50,VERY_GOOD_vs_RANDOM_CONTROL,state_a_before_normalized,0.000000,DESCRIPTIVE_MULTIPLE_LOOKS_UNADJUSTED_NOT_EVIDENCE
51,1,0,51,VERY_GOOD_vs_RANDOM_CONTROL,state_a_before_normalized,0.000000,DESCRIPTIVE_MULTIPLE_LOOKS_UNADJUSTED_NOT_EVIDENCE
52,1,0,52,VERY_GOOD_vs_RANDOM_CONTROL,state_a_before_normalized,0.000000,DESCRIPTIVE_MULTIPLE_LOOKS_UNADJUSTED_NOT_EVIDENCE
53,1,0,53,VERY_GOOD_vs_RANDOM_CONTROL,state_a_before_normalized,0.000000,DESCRIPTIVE_MULTIPLE_LOOKS_UNADJUSTED_NOT_EVIDENCE
54,1,0,54,VERY_GOOD_vs_RANDOM_CONTROL,state_a_before_normalized,0.000000,DESCRIPTIVE_MULTIPLE_LOOKS_UNADJUSTED_NOT_EVIDENCE
55,1,0,55,VERY_GOOD_vs_RANDOM_CONTROL,state_a_before_normalized,0.000000,DESCRIPTIVE_MULTIPLE_LOOKS_UNADJUSTED_NOT_EVIDENCE
56,1,0,56,VERY_GOOD_vs_RANDOM_CONTROL,state_a_before_normalized,0.000000,DESCRIPTIVE_MULTIPLE_LOOKS_UNADJUSTED_NOT_EVIDENCE
57,1,0,57,VERY_GOOD_vs_RANDOM_CONTROL,state_a_before_normalized,0.000000,DESCRIPTIVE_MULTIPLE_LOOKS_UNADJUSTED_NOT_EVIDENCE
58,1,0,58,VERY_GOOD_vs_RANDOM_CONTROL,state_a_before_normalized,0.000000,DESCRIPTIVE_MULTIPLE_LOOKS_UNADJUSTED_NOT_EVIDENCE
59,1,0,59,VERY_GOOD_vs_RANDOM_CONTROL,state_a_before_normalized,0.000000,DESCRIPTIVE_MULTIPLE_LOOKS_UNADJUSTED_NOT_EVIDENCE
60,1,0,60,VERY_GOOD_vs_RANDOM_CONTROL,state_a_before_normalized,0.000000,DESCRIPTIVE_MULTIPLE_LOOKS_UNADJUSTED_NOT_EVIDENCE
61,1,0,61,VERY_GOOD_vs_RANDOM_CONTROL,state_a_before_normalized,0.000000,DESCRIPTIVE_MULTIPLE_LOOKS_UNADJUSTED_NOT_EVIDENCE
62,1,0,62,VERY_GOOD_vs_RANDOM_CONTROL,state_a_before_normalized,0.000000,DESCRIPTIVE_MULTIPLE_LOOKS_UNADJUSTED_NOT_EVIDENCE
63,1,0,63,VERY_GOOD_vs_RANDOM_CONTROL,state_a_before_normalized,0.000000,DESCRIPTIVE_MULTIPLE_LOOKS_UNADJUSTED_NOT_EVIDENCE
64,1,1,0,VERY_GOOD_vs_RANDOM_CONTROL,state_a_before_normalized,0.000000,DESCRIPTIVE_MULTIPLE_LOOKS_UNADJUSTED_NOT_EVIDENCE
65,1,1,1,VERY_GOOD_vs_RANDOM_CONTROL,state_a_before_normalized,0.000000,DESCRIPTIVE_MULTIPLE_LOOKS_UNADJUSTED_NOT_EVIDENCE
66,1,1,2,VERY_GOOD_vs_RANDOM_CONTROL,state_a_before_normalized,0.000000,DESCRIPTIVE_MULTIPLE_LOOKS_UNADJUSTED_NOT_EVIDENCE
67,1,1,3,VERY_GOOD_vs_RANDOM_CONTROL,T1_bit_transitions,-0.060059,DESCRIPTIVE_MULTIPLE_LOOKS_UNADJUSTED_NOT_EVIDENCE
68,1,1,4,VERY_GOOD_vs_RANDOM_CONTROL,state_e_before_popcount,-0.078196,DESCRIPTIVE_MULTIPLE_LOOKS_UNADJUSTED_NOT_EVIDENCE
69,1,1,5,VERY_GOOD_vs_RANDOM_CONTROL,state_f_before_popcount,-0.078196,DESCRIPTIVE_MULTIPLE_LOOKS_UNADJUSTED_NOT_EVIDENCE
70,1,1,6,VERY_GOOD_vs_RANDOM_CONTROL,state_g_before_popcount,-0.078196,DESCRIPTIVE_MULTIPLE_LOOKS_UNADJUSTED_NOT_EVIDENCE
71,1,1,7,VERY_GOOD_vs_RANDOM_CONTROL,state_h_before_popcount,-0.078196,DESCRIPTIVE_MULTIPLE_LOOKS_UNADJUSTED_NOT_EVIDENCE
72,1,1,8,VERY_GOOD_vs_RANDOM_CONTROL,Maj_normalized,-0.071065,DESCRIPTIVE_MULTIPLE_LOOKS_UNADJUSTED_NOT_EVIDENCE
73,1,1,9,VERY_GOOD_vs_RANDOM_CONTROL,state_c_before_bit_transitions,-0.060923,DESCRIPTIVE_MULTIPLE_LOOKS_UNADJUSTED_NOT_EVIDENCE
74,1,1,10,VERY_GOOD_vs_RANDOM_CONTROL,T2_carry_count,0.064056,DESCRIPTIVE_MULTIPLE_LOOKS_UNADJUSTED_NOT_EVIDENCE
75,1,1,11,VERY_GOOD_vs_RANDOM_CONTROL,T1_normalized,-0.072673,DESCRIPTIVE_MULTIPLE_LOOKS_UNADJUSTED_NOT_EVIDENCE
76,1,1,12,VERY_GOOD_vs_RANDOM_CONTROL,T2_popcount,-0.081828,DESCRIPTIVE_MULTIPLE_LOOKS_UNADJUSTED_NOT_EVIDENCE
77,1,1,13,VERY_GOOD_vs_RANDOM_CONTROL,Sigma0_normalized,0.088379,DESCRIPTIVE_MULTIPLE_LOOKS_UNADJUSTED_NOT_EVIDENCE
78,1,1,14,VERY_GOOD_vs_RANDOM_CONTROL,state_c_before_popcount,0.078939,DESCRIPTIVE_MULTIPLE_LOOKS_UNADJUSTED_NOT_EVIDENCE
79,1,1,15,VERY_GOOD_vs_RANDOM_CONTROL,state_d_before_popcount,0.078939,DESCRIPTIVE_MULTIPLE_LOOKS_UNADJUSTED_NOT_EVIDENCE
80,1,1,16,VERY_GOOD_vs_RANDOM_CONTROL,T1_bit_transitions,-0.077067,DESCRIPTIVE_MULTIPLE_LOOKS_UNADJUSTED_NOT_EVIDENCE
81,1,1,17,VERY_GOOD_vs_RANDOM_CONTROL,T2_normalized,-0.087077,DESCRIPTIVE_MULTIPLE_LOOKS_UNADJUSTED_NOT_EVIDENCE
82,1,1,18,VERY_GOOD_vs_RANDOM_CONTROL,Sigma1_normalized,0.071106,DESCRIPTIVE_MULTIPLE_LOOKS_UNADJUSTED_NOT_EVIDENCE
83,1,1,19,VERY_GOOD_vs_RANDOM_CONTROL,Sigma1_popcount,0.062571,DESCRIPTIVE_MULTIPLE_LOOKS_UNADJUSTED_NOT_EVIDENCE
84,1,1,20,VERY_GOOD_vs_RANDOM_CONTROL,Sigma0_bit_transitions,-0.064636,DESCRIPTIVE_MULTIPLE_LOOKS_UNADJUSTED_NOT_EVIDENCE
85,1,1,21,VERY_GOOD_vs_RANDOM_CONTROL,W_popcount,0.074656,DESCRIPTIVE_MULTIPLE_LOOKS_UNADJUSTED_NOT_EVIDENCE
86,1,1,22,VERY_GOOD_vs_RANDOM_CONTROL,state_e_before_popcount,-0.069316,DESCRIPTIVE_MULTIPLE_LOOKS_UNADJUSTED_NOT_EVIDENCE
87,1,1,23,VERY_GOOD_vs_RANDOM_CONTROL,state_e_before_bit_transitions,-0.074005,DESCRIPTIVE_MULTIPLE_LOOKS_UNADJUSTED_NOT_EVIDENCE
88,1,1,24,VERY_GOOD_vs_RANDOM_CONTROL,state_f_before_bit_transitions,-0.074005,DESCRIPTIVE_MULTIPLE_LOOKS_UNADJUSTED_NOT_EVIDENCE
89,1,1,25,VERY_GOOD_vs_RANDOM_CONTROL,state_g_before_bit_transitions,-0.074005,DESCRIPTIVE_MULTIPLE_LOOKS_UNADJUSTED_NOT_EVIDENCE
90,1,1,26,VERY_GOOD_vs_RANDOM_CONTROL,Sigma1_normalized,0.079122,DESCRIPTIVE_MULTIPLE_LOOKS_UNADJUSTED_NOT_EVIDENCE
91,1,1,27,VERY_GOOD_vs_RANDOM_CONTROL,new_a_chain_count,0.075968,DESCRIPTIVE_MULTIPLE_LOOKS_UNADJUSTED_NOT_EVIDENCE
92,1,1,28,VERY_GOOD_vs_RANDOM_CONTROL,state_e_before_bit_transitions,-0.079488,DESCRIPTIVE_MULTIPLE_LOOKS_UNADJUSTED_NOT_EVIDENCE
93,1,1,29,VERY_GOOD_vs_RANDOM_CONTROL,state_f_before_bit_transitions,-0.079488,DESCRIPTIVE_MULTIPLE_LOOKS_UNADJUSTED_NOT_EVIDENCE
94,1,1,30,VERY_GOOD_vs_RANDOM_CONTROL,state_g_before_bit_transitions,-0.079488,DESCRIPTIVE_MULTIPLE_LOOKS_UNADJUSTED_NOT_EVIDENCE
95,1,1,31,VERY_GOOD_vs_RANDOM_CONTROL,state_e_before_normalized,0.094055,DESCRIPTIVE_MULTIPLE_LOOKS_UNADJUSTED_NOT_EVIDENCE
96,1,1,32,VERY_GOOD_vs_RANDOM_CONTROL,state_f_before_normalized,0.094055,DESCRIPTIVE_MULTIPLE_LOOKS_UNADJUSTED_NOT_EVIDENCE
97,1,1,33,VERY_GOOD_vs_RANDOM_CONTROL,state_g_before_normalized,0.094055,DESCRIPTIVE_MULTIPLE_LOOKS_UNADJUSTED_NOT_EVIDENCE
98,1,1,34,VERY_GOOD_vs_RANDOM_CONTROL,state_h_before_normalized,0.094055,DESCRIPTIVE_MULTIPLE_LOOKS_UNADJUSTED_NOT_EVIDENCE
99,1,1,35,VERY_GOOD_vs_RANDOM_CONTROL,new_e_maximum_chain,-0.075053,DESCRIPTIVE_MULTIPLE_LOOKS_UNADJUSTED_NOT_EVIDENCE
100,1,1,36,VERY_GOOD_vs_RANDOM_CONTROL,state_g_before_popcount,0.073771,DESCRIPTIVE_MULTIPLE_LOOKS_UNADJUSTED_NOT_EVIDENCE
101,1,1,37,VERY_GOOD_vs_RANDOM_CONTROL,Ch_popcount,0.098246,DESCRIPTIVE_MULTIPLE_LOOKS_UNADJUSTED_NOT_EVIDENCE
102,1,1,38,VERY_GOOD_vs_RANDOM_CONTROL,state_a_before_normalized,0.077759,DESCRIPTIVE_MULTIPLE_LOOKS_UNADJUSTED_NOT_EVIDENCE
103,1,1,39,VERY_GOOD_vs_RANDOM_CONTROL,Sigma1_normalized,0.096598,DESCRIPTIVE_MULTIPLE_LOOKS_UNADJUSTED_NOT_EVIDENCE
104,1,1,40,VERY_GOOD_vs_RANDOM_CONTROL,state_c_before_normalized,0.077759,DESCRIPTIVE_MULTIPLE_LOOKS_UNADJUSTED_NOT_EVIDENCE
105,1,1,41,VERY_GOOD_vs_RANDOM_CONTROL,state_d_before_normalized,0.077759,DESCRIPTIVE_MULTIPLE_LOOKS_UNADJUSTED_NOT_EVIDENCE
106,1,1,42,VERY_GOOD_vs_RANDOM_CONTROL,Ch_normalized,0.081095,DESCRIPTIVE_MULTIPLE_LOOKS_UNADJUSTED_NOT_EVIDENCE
107,1,1,43,VERY_GOOD_vs_RANDOM_CONTROL,state_h_before_normalized,0.067220,DESCRIPTIVE_MULTIPLE_LOOKS_UNADJUSTED_NOT_EVIDENCE
108,1,1,44,VERY_GOOD_vs_RANDOM_CONTROL,Sigma0_normalized,0.066813,DESCRIPTIVE_MULTIPLE_LOOKS_UNADJUSTED_NOT_EVIDENCE
109,1,1,45,VERY_GOOD_vs_RANDOM_CONTROL,new_a_carry_count,-0.076029,DESCRIPTIVE_MULTIPLE_LOOKS_UNADJUSTED_NOT_EVIDENCE
110,1,1,46,VERY_GOOD_vs_RANDOM_CONTROL,state_e_before_bit_transitions,-0.086171,DESCRIPTIVE_MULTIPLE_LOOKS_UNADJUSTED_NOT_EVIDENCE
111,1,1,47,VERY_GOOD_vs_RANDOM_CONTROL,state_f_before_bit_transitions,-0.086171,DESCRIPTIVE_MULTIPLE_LOOKS_UNADJUSTED_NOT_EVIDENCE
112,1,1,48,VERY_GOOD_vs_RANDOM_CONTROL,state_g_before_bit_transitions,-0.086171,DESCRIPTIVE_MULTIPLE_LOOKS_UNADJUSTED_NOT_EVIDENCE
113,1,1,49,VERY_GOOD_vs_RANDOM_CONTROL,T1_normalized,-0.105774,DESCRIPTIVE_MULTIPLE_LOOKS_UNADJUSTED_NOT_EVIDENCE
114,1,1,50,VERY_GOOD_vs_RANDOM_CONTROL,state_d_before_bit_transitions,0.069417,DESCRIPTIVE_MULTIPLE_LOOKS_UNADJUSTED_NOT_EVIDENCE
115,1,1,51,VERY_GOOD_vs_RANDOM_CONTROL,Ch_popcount,0.073120,DESCRIPTIVE_MULTIPLE_LOOKS_UNADJUSTED_NOT_EVIDENCE
116,1,1,52,VERY_GOOD_vs_RANDOM_CONTROL,state_c_before_normalized,-0.065918,DESCRIPTIVE_MULTIPLE_LOOKS_UNADJUSTED_NOT_EVIDENCE
117,1,1,53,VERY_GOOD_vs_RANDOM_CONTROL,T2_bit_transitions,-0.094747,DESCRIPTIVE_MULTIPLE_LOOKS_UNADJUSTED_NOT_EVIDENCE
118,1,1,54,VERY_GOOD_vs_RANDOM_CONTROL,state_a_before_popcount,0.082286,DESCRIPTIVE_MULTIPLE_LOOKS_UNADJUSTED_NOT_EVIDENCE
119,1,1,55,VERY_GOOD_vs_RANDOM_CONTROL,Sigma0_normalized,0.100789,DESCRIPTIVE_MULTIPLE_LOOKS_UNADJUSTED_NOT_EVIDENCE
120,1,1,56,VERY_GOOD_vs_RANDOM_CONTROL,state_c_before_popcount,0.082286,DESCRIPTIVE_MULTIPLE_LOOKS_UNADJUSTED_NOT_EVIDENCE
121,1,1,57,VERY_GOOD_vs_RANDOM_CONTROL,state_d_before_popcount,0.082286,DESCRIPTIVE_MULTIPLE_LOOKS_UNADJUSTED_NOT_EVIDENCE
122,1,1,58,VERY_GOOD_vs_RANDOM_CONTROL,T2_carry_count,0.076019,DESCRIPTIVE_MULTIPLE_LOOKS_UNADJUSTED_NOT_EVIDENCE
123,1,1,59,VERY_GOOD_vs_RANDOM_CONTROL,Sigma0_normalized,0.080221,DESCRIPTIVE_MULTIPLE_LOOKS_UNADJUSTED_NOT_EVIDENCE
124,1,1,60,VERY_GOOD_vs_RANDOM_CONTROL,state_c_before_bit_transitions,0.062785,DESCRIPTIVE_MULTIPLE_LOOKS_UNADJUSTED_NOT_EVIDENCE
125,1,1,61,VERY_GOOD_vs_RANDOM_CONTROL,T2_bit_transitions,-0.097483,DESCRIPTIVE_MULTIPLE_LOOKS_UNADJUSTED_NOT_EVIDENCE
126,1,1,62,VERY_GOOD_vs_RANDOM_CONTROL,Sigma1_bit_transitions,0.064138,DESCRIPTIVE_MULTIPLE_LOOKS_UNADJUSTED_NOT_EVIDENCE
127,1,1,63,VERY_GOOD_vs_RANDOM_CONTROL,W_normalized,0.065125,DESCRIPTIVE_MULTIPLE_LOOKS_UNADJUSTED_NOT_EVIDENCE
128,2,0,0,VERY_GOOD_vs_RANDOM_CONTROL,T1_bit_transitions,-0.046834,DESCRIPTIVE_MULTIPLE_LOOKS_UNADJUSTED_NOT_EVIDENCE
129,2,0,1,VERY_GOOD_vs_RANDOM_CONTROL,W_normalized,-0.053630,DESCRIPTIVE_MULTIPLE_LOOKS_UNADJUSTED_NOT_EVIDENCE
130,2,0,2,VERY_GOOD_vs_RANDOM_CONTROL,Sigma0_bit_transitions,0.068471,DESCRIPTIVE_MULTIPLE_LOOKS_UNADJUSTED_NOT_EVIDENCE
131,2,0,3,VERY_GOOD_vs_RANDOM_CONTROL,T1_bit_transitions,0.117991,DESCRIPTIVE_MULTIPLE_LOOKS_UNADJUSTED_NOT_EVIDENCE
132,2,0,4,VERY_GOOD_vs_RANDOM_CONTROL,T2_normalized,-0.089783,DESCRIPTIVE_MULTIPLE_LOOKS_UNADJUSTED_NOT_EVIDENCE
133,2,0,5,VERY_GOOD_vs_RANDOM_CONTROL,T2_maximum_chain,0.095194,DESCRIPTIVE_MULTIPLE_LOOKS_UNADJUSTED_NOT_EVIDENCE
134,2,0,6,VERY_GOOD_vs_RANDOM_CONTROL,state_g_before_bit_transitions,0.076375,DESCRIPTIVE_MULTIPLE_LOOKS_UNADJUSTED_NOT_EVIDENCE
135,2,0,7,VERY_GOOD_vs_RANDOM_CONTROL,state_h_before_bit_transitions,0.076375,DESCRIPTIVE_MULTIPLE_LOOKS_UNADJUSTED_NOT_EVIDENCE
136,2,0,8,VERY_GOOD_vs_RANDOM_CONTROL,state_e_before_popcount,-0.085520,DESCRIPTIVE_MULTIPLE_LOOKS_UNADJUSTED_NOT_EVIDENCE
137,2,0,9,VERY_GOOD_vs_RANDOM_CONTROL,Sigma0_normalized,-0.092082,DESCRIPTIVE_MULTIPLE_LOOKS_UNADJUSTED_NOT_EVIDENCE
138,2,0,10,VERY_GOOD_vs_RANDOM_CONTROL,state_g_before_popcount,-0.085520,DESCRIPTIVE_MULTIPLE_LOOKS_UNADJUSTED_NOT_EVIDENCE
139,2,0,11,VERY_GOOD_vs_RANDOM_CONTROL,state_a_before_bit_transitions,-0.087209,DESCRIPTIVE_MULTIPLE_LOOKS_UNADJUSTED_NOT_EVIDENCE
140,2,0,12,VERY_GOOD_vs_RANDOM_CONTROL,T1_popcount,-0.097677,DESCRIPTIVE_MULTIPLE_LOOKS_UNADJUSTED_NOT_EVIDENCE
141,2,0,13,VERY_GOOD_vs_RANDOM_CONTROL,state_c_before_bit_transitions,-0.087209,DESCRIPTIVE_MULTIPLE_LOOKS_UNADJUSTED_NOT_EVIDENCE
142,2,0,14,VERY_GOOD_vs_RANDOM_CONTROL,state_d_before_bit_transitions,-0.087209,DESCRIPTIVE_MULTIPLE_LOOKS_UNADJUSTED_NOT_EVIDENCE
143,2,0,15,VERY_GOOD_vs_RANDOM_CONTROL,new_e_chain_count,-0.073822,DESCRIPTIVE_MULTIPLE_LOOKS_UNADJUSTED_NOT_EVIDENCE
144,2,0,16,VERY_GOOD_vs_RANDOM_CONTROL,Sigma0_popcount,-0.093760,DESCRIPTIVE_MULTIPLE_LOOKS_UNADJUSTED_NOT_EVIDENCE
145,2,0,17,VERY_GOOD_vs_RANDOM_CONTROL,Sigma0_popcount,0.116119,DESCRIPTIVE_MULTIPLE_LOOKS_UNADJUSTED_NOT_EVIDENCE
146,2,0,18,VERY_GOOD_vs_RANDOM_CONTROL,state_c_before_normalized,0.071106,DESCRIPTIVE_MULTIPLE_LOOKS_UNADJUSTED_NOT_EVIDENCE
147,2,0,19,VERY_GOOD_vs_RANDOM_CONTROL,T2_normalized,-0.076640,DESCRIPTIVE_MULTIPLE_LOOKS_UNADJUSTED_NOT_EVIDENCE
148,2,0,20,VERY_GOOD_vs_RANDOM_CONTROL,state_e_before_bit_transitions,0.092478,DESCRIPTIVE_MULTIPLE_LOOKS_UNADJUSTED_NOT_EVIDENCE
149,2,0,21,VERY_GOOD_vs_RANDOM_CONTROL,state_f_before_bit_transitions,0.092478,DESCRIPTIVE_MULTIPLE_LOOKS_UNADJUSTED_NOT_EVIDENCE
150,2,0,22,VERY_GOOD_vs_RANDOM_CONTROL,W_normalized,0.129537,DESCRIPTIVE_MULTIPLE_LOOKS_UNADJUSTED_NOT_EVIDENCE
151,2,0,23,VERY_GOOD_vs_RANDOM_CONTROL,state_h_before_bit_transitions,0.092478,DESCRIPTIVE_MULTIPLE_LOOKS_UNADJUSTED_NOT_EVIDENCE
152,2,0,24,VERY_GOOD_vs_RANDOM_CONTROL,state_c_before_popcount,0.076223,DESCRIPTIVE_MULTIPLE_LOOKS_UNADJUSTED_NOT_EVIDENCE
153,2,0,25,VERY_GOOD_vs_RANDOM_CONTROL,state_d_before_popcount,0.076223,DESCRIPTIVE_MULTIPLE_LOOKS_UNADJUSTED_NOT_EVIDENCE
154,2,0,26,VERY_GOOD_vs_RANDOM_CONTROL,state_a_before_bit_transitions,0.099915,DESCRIPTIVE_MULTIPLE_LOOKS_UNADJUSTED_NOT_EVIDENCE
155,2,0,27,VERY_GOOD_vs_RANDOM_CONTROL,state_b_before_bit_transitions,0.099915,DESCRIPTIVE_MULTIPLE_LOOKS_UNADJUSTED_NOT_EVIDENCE
156,2,0,28,VERY_GOOD_vs_RANDOM_CONTROL,state_c_before_bit_transitions,0.099915,DESCRIPTIVE_MULTIPLE_LOOKS_UNADJUSTED_NOT_EVIDENCE
157,2,0,29,VERY_GOOD_vs_RANDOM_CONTROL,state_d_before_bit_transitions,0.099915,DESCRIPTIVE_MULTIPLE_LOOKS_UNADJUSTED_NOT_EVIDENCE
158,2,0,30,VERY_GOOD_vs_RANDOM_CONTROL,state_b_before_popcount,-0.077525,DESCRIPTIVE_MULTIPLE_LOOKS_UNADJUSTED_NOT_EVIDENCE
159,2,0,31,VERY_GOOD_vs_RANDOM_CONTROL,state_c_before_popcount,-0.077525,DESCRIPTIVE_MULTIPLE_LOOKS_UNADJUSTED_NOT_EVIDENCE
160,2,0,32,VERY_GOOD_vs_RANDOM_CONTROL,new_e_carry_count,-0.104838,DESCRIPTIVE_MULTIPLE_LOOKS_UNADJUSTED_NOT_EVIDENCE
161,2,0,33,VERY_GOOD_vs_RANDOM_CONTROL,new_a_carry_count,-0.079488,DESCRIPTIVE_MULTIPLE_LOOKS_UNADJUSTED_NOT_EVIDENCE
162,2,0,34,VERY_GOOD_vs_RANDOM_CONTROL,T2_normalized,-0.072266,DESCRIPTIVE_MULTIPLE_LOOKS_UNADJUSTED_NOT_EVIDENCE
163,2,0,35,VERY_GOOD_vs_RANDOM_CONTROL,state_b_before_popcount,0.071065,DESCRIPTIVE_MULTIPLE_LOOKS_UNADJUSTED_NOT_EVIDENCE
164,2,0,36,VERY_GOOD_vs_RANDOM_CONTROL,state_c_before_popcount,0.071065,DESCRIPTIVE_MULTIPLE_LOOKS_UNADJUSTED_NOT_EVIDENCE
165,2,0,37,VERY_GOOD_vs_RANDOM_CONTROL,state_d_before_popcount,0.071065,DESCRIPTIVE_MULTIPLE_LOOKS_UNADJUSTED_NOT_EVIDENCE
166,2,0,38,VERY_GOOD_vs_RANDOM_CONTROL,Sigma1_normalized,0.089071,DESCRIPTIVE_MULTIPLE_LOOKS_UNADJUSTED_NOT_EVIDENCE
167,2,0,39,VERY_GOOD_vs_RANDOM_CONTROL,state_g_before_normalized,-0.060811,DESCRIPTIVE_MULTIPLE_LOOKS_UNADJUSTED_NOT_EVIDENCE
168,2,0,40,VERY_GOOD_vs_RANDOM_CONTROL,T2_chain_count,-0.074717,DESCRIPTIVE_MULTIPLE_LOOKS_UNADJUSTED_NOT_EVIDENCE
169,2,0,41,VERY_GOOD_vs_RANDOM_CONTROL,T2_bit_transitions,0.108398,DESCRIPTIVE_MULTIPLE_LOOKS_UNADJUSTED_NOT_EVIDENCE
170,2,0,42,VERY_GOOD_vs_RANDOM_CONTROL,T2_chain_count,0.078593,DESCRIPTIVE_MULTIPLE_LOOKS_UNADJUSTED_NOT_EVIDENCE
171,2,0,43,VERY_GOOD_vs_RANDOM_CONTROL,state_a_before_normalized,-0.070475,DESCRIPTIVE_MULTIPLE_LOOKS_UNADJUSTED_NOT_EVIDENCE
172,2,0,44,VERY_GOOD_vs_RANDOM_CONTROL,Sigma1_normalized,0.083415,DESCRIPTIVE_MULTIPLE_LOOKS_UNADJUSTED_NOT_EVIDENCE
173,2,0,45,VERY_GOOD_vs_RANDOM_CONTROL,new_e_chain_count,-0.081482,DESCRIPTIVE_MULTIPLE_LOOKS_UNADJUSTED_NOT_EVIDENCE
174,2,0,46,VERY_GOOD_vs_RANDOM_CONTROL,new_a_chain_count,0.082631,DESCRIPTIVE_MULTIPLE_LOOKS_UNADJUSTED_NOT_EVIDENCE
175,2,0,47,VERY_GOOD_vs_RANDOM_CONTROL,T1_maximum_chain,0.106110,DESCRIPTIVE_MULTIPLE_LOOKS_UNADJUSTED_NOT_EVIDENCE
176,2,0,48,VERY_GOOD_vs_RANDOM_CONTROL,new_a_chain_count,-0.072439,DESCRIPTIVE_MULTIPLE_LOOKS_UNADJUSTED_NOT_EVIDENCE
177,2,0,49,VERY_GOOD_vs_RANDOM_CONTROL,T1_popcount,-0.062500,DESCRIPTIVE_MULTIPLE_LOOKS_UNADJUSTED_NOT_EVIDENCE
178,2,0,50,VERY_GOOD_vs_RANDOM_CONTROL,state_d_before_popcount,-0.057393,DESCRIPTIVE_MULTIPLE_LOOKS_UNADJUSTED_NOT_EVIDENCE
179,2,0,51,VERY_GOOD_vs_RANDOM_CONTROL,Sigma1_normalized,-0.071513,DESCRIPTIVE_MULTIPLE_LOOKS_UNADJUSTED_NOT_EVIDENCE
180,2,0,52,VERY_GOOD_vs_RANDOM_CONTROL,Ch_popcount,0.076080,DESCRIPTIVE_MULTIPLE_LOOKS_UNADJUSTED_NOT_EVIDENCE
181,2,0,53,VERY_GOOD_vs_RANDOM_CONTROL,W_popcount,-0.050039,DESCRIPTIVE_MULTIPLE_LOOKS_UNADJUSTED_NOT_EVIDENCE
182,2,0,54,VERY_GOOD_vs_RANDOM_CONTROL,T2_bit_transitions,0.086324,DESCRIPTIVE_MULTIPLE_LOOKS_UNADJUSTED_NOT_EVIDENCE
183,2,0,55,VERY_GOOD_vs_RANDOM_CONTROL,T1_bit_transitions,-0.079498,DESCRIPTIVE_MULTIPLE_LOOKS_UNADJUSTED_NOT_EVIDENCE
184,2,0,56,VERY_GOOD_vs_RANDOM_CONTROL,Sigma0_normalized,-0.070699,DESCRIPTIVE_MULTIPLE_LOOKS_UNADJUSTED_NOT_EVIDENCE
185,2,0,57,VERY_GOOD_vs_RANDOM_CONTROL,T1_popcount,-0.074839,DESCRIPTIVE_MULTIPLE_LOOKS_UNADJUSTED_NOT_EVIDENCE
186,2,0,58,VERY_GOOD_vs_RANDOM_CONTROL,Sigma1_popcount,-0.064087,DESCRIPTIVE_MULTIPLE_LOOKS_UNADJUSTED_NOT_EVIDENCE
187,2,0,59,VERY_GOOD_vs_RANDOM_CONTROL,state_e_before_normalized,0.055644,DESCRIPTIVE_MULTIPLE_LOOKS_UNADJUSTED_NOT_EVIDENCE
188,2,0,60,VERY_GOOD_vs_RANDOM_CONTROL,new_e_carry_count,-0.284088,DESCRIPTIVE_MULTIPLE_LOOKS_UNADJUSTED_NOT_EVIDENCE
189,2,0,61,VERY_GOOD_vs_RANDOM_CONTROL,state_e_before_normalized,0.604187,DESCRIPTIVE_MULTIPLE_LOOKS_UNADJUSTED_NOT_EVIDENCE
190,2,0,62,VERY_GOOD_vs_RANDOM_CONTROL,state_f_before_normalized,0.604187,DESCRIPTIVE_MULTIPLE_LOOKS_UNADJUSTED_NOT_EVIDENCE
191,2,0,63,VERY_GOOD_vs_RANDOM_CONTROL,state_g_before_normalized,0.604187,DESCRIPTIVE_MULTIPLE_LOOKS_UNADJUSTED_NOT_EVIDENCE
0,1,0,0,GOOD_vs_RANDOM_CONTROL,state_a_before_normalized,0.000000,DESCRIPTIVE_MULTIPLE_LOOKS_UNADJUSTED_NOT_EVIDENCE
1,1,0,1,GOOD_vs_RANDOM_CONTROL,state_a_before_normalized,0.000000,DESCRIPTIVE_MULTIPLE_LOOKS_UNADJUSTED_NOT_EVIDENCE
2,1,0,2,GOOD_vs_RANDOM_CONTROL,state_a_before_normalized,0.000000,DESCRIPTIVE_MULTIPLE_LOOKS_UNADJUSTED_NOT_EVIDENCE
3,1,0,3,GOOD_vs_RANDOM_CONTROL,state_a_before_normalized,0.000000,DESCRIPTIVE_MULTIPLE_LOOKS_UNADJUSTED_NOT_EVIDENCE
4,1,0,4,GOOD_vs_RANDOM_CONTROL,state_a_before_normalized,0.000000,DESCRIPTIVE_MULTIPLE_LOOKS_UNADJUSTED_NOT_EVIDENCE
5,1,0,5,GOOD_vs_RANDOM_CONTROL,state_a_before_normalized,0.000000,DESCRIPTIVE_MULTIPLE_LOOKS_UNADJUSTED_NOT_EVIDENCE
6,1,0,6,GOOD_vs_RANDOM_CONTROL,state_a_before_normalized,0.000000,DESCRIPTIVE_MULTIPLE_LOOKS_UNADJUSTED_NOT_EVIDENCE
7,1,0,7,GOOD_vs_RANDOM_CONTROL,state_a_before_normalized,0.000000,DESCRIPTIVE_MULTIPLE_LOOKS_UNADJUSTED_NOT_EVIDENCE
8,1,0,8,GOOD_vs_RANDOM_CONTROL,state_a_before_normalized,0.000000,DESCRIPTIVE_MULTIPLE_LOOKS_UNADJUSTED_NOT_EVIDENCE
9,1,0,9,GOOD_vs_RANDOM_CONTROL,state_a_before_normalized,0.000000,DESCRIPTIVE_MULTIPLE_LOOKS_UNADJUSTED_NOT_EVIDENCE
10,1,0,10,GOOD_vs_RANDOM_CONTROL,state_a_before_normalized,0.000000,DESCRIPTIVE_MULTIPLE_LOOKS_UNADJUSTED_NOT_EVIDENCE
11,1,0,11,GOOD_vs_RANDOM_CONTROL,state_a_before_normalized,0.000000,DESCRIPTIVE_MULTIPLE_LOOKS_UNADJUSTED_NOT_EVIDENCE
12,1,0,12,GOOD_vs_RANDOM_CONTROL,state_a_before_normalized,0.000000,DESCRIPTIVE_MULTIPLE_LOOKS_UNADJUSTED_NOT_EVIDENCE
13,1,0,13,GOOD_vs_RANDOM_CONTROL,state_a_before_normalized,0.000000,DESCRIPTIVE_MULTIPLE_LOOKS_UNADJUSTED_NOT_EVIDENCE
14,1,0,14,GOOD_vs_RANDOM_CONTROL,state_a_before_normalized,0.000000,DESCRIPTIVE_MULTIPLE_LOOKS_UNADJUSTED_NOT_EVIDENCE
15,1,0,15,GOOD_vs_RANDOM_CONTROL,state_a_before_normalized,0.000000,DESCRIPTIVE_MULTIPLE_LOOKS_UNADJUSTED_NOT_EVIDENCE
16,1,0,16,GOOD_vs_RANDOM_CONTROL,state_a_before_normalized,0.000000,DESCRIPTIVE_MULTIPLE_LOOKS_UNADJUSTED_NOT_EVIDENCE
17,1,0,17,GOOD_vs_RANDOM_CONTROL,state_a_before_normalized,0.000000,DESCRIPTIVE_MULTIPLE_LOOKS_UNADJUSTED_NOT_EVIDENCE
18,1,0,18,GOOD_vs_RANDOM_CONTROL,state_a_before_normalized,0.000000,DESCRIPTIVE_MULTIPLE_LOOKS_UNADJUSTED_NOT_EVIDENCE
19,1,0,19,GOOD_vs_RANDOM_CONTROL,state_a_before_normalized,0.000000,DESCRIPTIVE_MULTIPLE_LOOKS_UNADJUSTED_NOT_EVIDENCE
20,1,0,20,GOOD_vs_RANDOM_CONTROL,state_a_before_normalized,0.000000,DESCRIPTIVE_MULTIPLE_LOOKS_UNADJUSTED_NOT_EVIDENCE
21,1,0,21,GOOD_vs_RANDOM_CONTROL,state_a_before_normalized,0.000000,DESCRIPTIVE_MULTIPLE_LOOKS_UNADJUSTED_NOT_EVIDENCE
22,1,0,22,GOOD_vs_RANDOM_CONTROL,state_a_before_normalized,0.000000,DESCRIPTIVE_MULTIPLE_LOOKS_UNADJUSTED_NOT_EVIDENCE
23,1,0,23,GOOD_vs_RANDOM_CONTROL,state_a_before_normalized,0.000000,DESCRIPTIVE_MULTIPLE_LOOKS_UNADJUSTED_NOT_EVIDENCE
24,1,0,24,GOOD_vs_RANDOM_CONTROL,state_a_before_normalized,0.000000,DESCRIPTIVE_MULTIPLE_LOOKS_UNADJUSTED_NOT_EVIDENCE
25,1,0,25,GOOD_vs_RANDOM_CONTROL,state_a_before_normalized,0.000000,DESCRIPTIVE_MULTIPLE_LOOKS_UNADJUSTED_NOT_EVIDENCE
26,1,0,26,GOOD_vs_RANDOM_CONTROL,state_a_before_normalized,0.000000,DESCRIPTIVE_MULTIPLE_LOOKS_UNADJUSTED_NOT_EVIDENCE
27,1,0,27,GOOD_vs_RANDOM_CONTROL,state_a_before_normalized,0.000000,DESCRIPTIVE_MULTIPLE_LOOKS_UNADJUSTED_NOT_EVIDENCE
28,1,0,28,GOOD_vs_RANDOM_CONTROL,state_a_before_normalized,0.000000,DESCRIPTIVE_MULTIPLE_LOOKS_UNADJUSTED_NOT_EVIDENCE
29,1,0,29,GOOD_vs_RANDOM_CONTROL,state_a_before_normalized,0.000000,DESCRIPTIVE_MULTIPLE_LOOKS_UNADJUSTED_NOT_EVIDENCE
30,1,0,30,GOOD_vs_RANDOM_CONTROL,state_a_before_normalized,0.000000,DESCRIPTIVE_MULTIPLE_LOOKS_UNADJUSTED_NOT_EVIDENCE
31,1,0,31,GOOD_vs_RANDOM_CONTROL,state_a_before_normalized,0.000000,DESCRIPTIVE_MULTIPLE_LOOKS_UNADJUSTED_NOT_EVIDENCE
32,1,0,32,GOOD_vs_RANDOM_CONTROL,state_a_before_normalized,0.000000,DESCRIPTIVE_MULTIPLE_LOOKS_UNADJUSTED_NOT_EVIDENCE
33,1,0,33,GOOD_vs_RANDOM_CONTROL,state_a_before_normalized,0.000000,DESCRIPTIVE_MULTIPLE_LOOKS_UNADJUSTED_NOT_EVIDENCE
34,1,0,34,GOOD_vs_RANDOM_CONTROL,state_a_before_normalized,0.000000,DESCRIPTIVE_MULTIPLE_LOOKS_UNADJUSTED_NOT_EVIDENCE
35,1,0,35,GOOD_vs_RANDOM_CONTROL,state_a_before_normalized,0.000000,DESCRIPTIVE_MULTIPLE_LOOKS_UNADJUSTED_NOT_EVIDENCE
36,1,0,36,GOOD_vs_RANDOM_CONTROL,state_a_before_normalized,0.000000,DESCRIPTIVE_MULTIPLE_LOOKS_UNADJUSTED_NOT_EVIDENCE
37,1,0,37,GOOD_vs_RANDOM_CONTROL,state_a_before_normalized,0.000000,DESCRIPTIVE_MULTIPLE_LOOKS_UNADJUSTED_NOT_EVIDENCE
38,1,0,38,GOOD_vs_RANDOM_CONTROL,state_a_before_normalized,0.000000,DESCRIPTIVE_MULTIPLE_LOOKS_UNADJUSTED_NOT_EVIDENCE
39,1,0,39,GOOD_vs_RANDOM_CONTROL,state_a_before_normalized,0.000000,DESCRIPTIVE_MULTIPLE_LOOKS_UNADJUSTED_NOT_EVIDENCE
40,1,0,40,GOOD_vs_RANDOM_CONTROL,state_a_before_normalized,0.000000,DESCRIPTIVE_MULTIPLE_LOOKS_UNADJUSTED_NOT_EVIDENCE
41,1,0,41,GOOD_vs_RANDOM_CONTROL,state_a_before_normalized,0.000000,DESCRIPTIVE_MULTIPLE_LOOKS_UNADJUSTED_NOT_EVIDENCE
42,1,0,42,GOOD_vs_RANDOM_CONTROL,state_a_before_normalized,0.000000,DESCRIPTIVE_MULTIPLE_LOOKS_UNADJUSTED_NOT_EVIDENCE
43,1,0,43,GOOD_vs_RANDOM_CONTROL,state_a_before_normalized,0.000000,DESCRIPTIVE_MULTIPLE_LOOKS_UNADJUSTED_NOT_EVIDENCE
44,1,0,44,GOOD_vs_RANDOM_CONTROL,state_a_before_normalized,0.000000,DESCRIPTIVE_MULTIPLE_LOOKS_UNADJUSTED_NOT_EVIDENCE
45,1,0,45,GOOD_vs_RANDOM_CONTROL,state_a_before_normalized,0.000000,DESCRIPTIVE_MULTIPLE_LOOKS_UNADJUSTED_NOT_EVIDENCE
46,1,0,46,GOOD_vs_RANDOM_CONTROL,state_a_before_normalized,0.000000,DESCRIPTIVE_MULTIPLE_LOOKS_UNADJUSTED_NOT_EVIDENCE
47,1,0,47,GOOD_vs_RANDOM_CONTROL,state_a_before_normalized,0.000000,DESCRIPTIVE_MULTIPLE_LOOKS_UNADJUSTED_NOT_EVIDENCE
48,1,0,48,GOOD_vs_RANDOM_CONTROL,state_a_before_normalized,0.000000,DESCRIPTIVE_MULTIPLE_LOOKS_UNADJUSTED_NOT_EVIDENCE
49,1,0,49,GOOD_vs_RANDOM_CONTROL,state_a_before_normalized,0.000000,DESCRIPTIVE_MULTIPLE_LOOKS_UNADJUSTED_NOT_EVIDENCE
50,1,0,50,GOOD_vs_RANDOM_CONTROL,state_a_before_normalized,0.000000,DESCRIPTIVE_MULTIPLE_LOOKS_UNADJUSTED_NOT_EVIDENCE
51,1,0,51,GOOD_vs_RANDOM_CONTROL,state_a_before_normalized,0.000000,DESCRIPTIVE_MULTIPLE_LOOKS_UNADJUSTED_NOT_EVIDENCE
52,1,0,52,GOOD_vs_RANDOM_CONTROL,state_a_before_normalized,0.000000,DESCRIPTIVE_MULTIPLE_LOOKS_UNADJUSTED_NOT_EVIDENCE
53,1,0,53,GOOD_vs_RANDOM_CONTROL,state_a_before_normalized,0.000000,DESCRIPTIVE_MULTIPLE_LOOKS_UNADJUSTED_NOT_EVIDENCE
54,1,0,54,GOOD_vs_RANDOM_CONTROL,state_a_before_normalized,0.000000,DESCRIPTIVE_MULTIPLE_LOOKS_UNADJUSTED_NOT_EVIDENCE
55,1,0,55,GOOD_vs_RANDOM_CONTROL,state_a_before_normalized,0.000000,DESCRIPTIVE_MULTIPLE_LOOKS_UNADJUSTED_NOT_EVIDENCE
56,1,0,56,GOOD_vs_RANDOM_CONTROL,state_a_before_normalized,0.000000,DESCRIPTIVE_MULTIPLE_LOOKS_UNADJUSTED_NOT_EVIDENCE
57,1,0,57,GOOD_vs_RANDOM_CONTROL,state_a_before_normalized,0.000000,DESCRIPTIVE_MULTIPLE_LOOKS_UNADJUSTED_NOT_EVIDENCE
58,1,0,58,GOOD_vs_RANDOM_CONTROL,state_a_before_normalized,0.000000,DESCRIPTIVE_MULTIPLE_LOOKS_UNADJUSTED_NOT_EVIDENCE
59,1,0,59,GOOD_vs_RANDOM_CONTROL,state_a_before_normalized,0.000000,DESCRIPTIVE_MULTIPLE_LOOKS_UNADJUSTED_NOT_EVIDENCE
60,1,0,60,GOOD_vs_RANDOM_CONTROL,state_a_before_normalized,0.000000,DESCRIPTIVE_MULTIPLE_LOOKS_UNADJUSTED_NOT_EVIDENCE
61,1,0,61,GOOD_vs_RANDOM_CONTROL,state_a_before_normalized,0.000000,DESCRIPTIVE_MULTIPLE_LOOKS_UNADJUSTED_NOT_EVIDENCE
62,1,0,62,GOOD_vs_RANDOM_CONTROL,state_a_before_normalized,0.000000,DESCRIPTIVE_MULTIPLE_LOOKS_UNADJUSTED_NOT_EVIDENCE
63,1,0,63,GOOD_vs_RANDOM_CONTROL,state_a_before_normalized,0.000000,DESCRIPTIVE_MULTIPLE_LOOKS_UNADJUSTED_NOT_EVIDENCE
64,1,1,0,GOOD_vs_RANDOM_CONTROL,state_a_before_normalized,0.000000,DESCRIPTIVE_MULTIPLE_LOOKS_UNADJUSTED_NOT_EVIDENCE
65,1,1,1,GOOD_vs_RANDOM_CONTROL,state_a_before_normalized,0.000000,DESCRIPTIVE_MULTIPLE_LOOKS_UNADJUSTED_NOT_EVIDENCE
66,1,1,2,GOOD_vs_RANDOM_CONTROL,state_a_before_normalized,0.000000,DESCRIPTIVE_MULTIPLE_LOOKS_UNADJUSTED_NOT_EVIDENCE
67,1,1,3,GOOD_vs_RANDOM_CONTROL,new_e_carry_count,0.026016,DESCRIPTIVE_MULTIPLE_LOOKS_UNADJUSTED_NOT_EVIDENCE
68,1,1,4,GOOD_vs_RANDOM_CONTROL,T2_chain_count,0.037882,DESCRIPTIVE_MULTIPLE_LOOKS_UNADJUSTED_NOT_EVIDENCE
69,1,1,5,GOOD_vs_RANDOM_CONTROL,new_a_chain_count,0.042247,DESCRIPTIVE_MULTIPLE_LOOKS_UNADJUSTED_NOT_EVIDENCE
70,1,1,6,GOOD_vs_RANDOM_CONTROL,Ch_popcount,0.041997,DESCRIPTIVE_MULTIPLE_LOOKS_UNADJUSTED_NOT_EVIDENCE
71,1,1,7,GOOD_vs_RANDOM_CONTROL,state_g_before_popcount,0.040126,DESCRIPTIVE_MULTIPLE_LOOKS_UNADJUSTED_NOT_EVIDENCE
72,1,1,8,GOOD_vs_RANDOM_CONTROL,Maj_normalized,-0.040756,DESCRIPTIVE_MULTIPLE_LOOKS_UNADJUSTED_NOT_EVIDENCE
73,1,1,9,GOOD_vs_RANDOM_CONTROL,new_e_maximum_chain,-0.044179,DESCRIPTIVE_MULTIPLE_LOOKS_UNADJUSTED_NOT_EVIDENCE
74,1,1,10,GOOD_vs_RANDOM_CONTROL,state_d_before_popcount,-0.038381,DESCRIPTIVE_MULTIPLE_LOOKS_UNADJUSTED_NOT_EVIDENCE
75,1,1,11,GOOD_vs_RANDOM_CONTROL,Sigma0_popcount,-0.039881,DESCRIPTIVE_MULTIPLE_LOOKS_UNADJUSTED_NOT_EVIDENCE
76,1,1,12,GOOD_vs_RANDOM_CONTROL,Sigma1_bit_transitions,0.065196,DESCRIPTIVE_MULTIPLE_LOOKS_UNADJUSTED_NOT_EVIDENCE
77,1,1,13,GOOD_vs_RANDOM_CONTROL,state_a_before_normalized,-0.051631,DESCRIPTIVE_MULTIPLE_LOOKS_UNADJUSTED_NOT_EVIDENCE
78,1,1,14,GOOD_vs_RANDOM_CONTROL,state_e_before_bit_transitions,-0.055450,DESCRIPTIVE_MULTIPLE_LOOKS_UNADJUSTED_NOT_EVIDENCE
79,1,1,15,GOOD_vs_RANDOM_CONTROL,state_f_before_bit_transitions,-0.055450,DESCRIPTIVE_MULTIPLE_LOOKS_UNADJUSTED_NOT_EVIDENCE
80,1,1,16,GOOD_vs_RANDOM_CONTROL,state_g_before_bit_transitions,-0.055450,DESCRIPTIVE_MULTIPLE_LOOKS_UNADJUSTED_NOT_EVIDENCE
81,1,1,17,GOOD_vs_RANDOM_CONTROL,state_h_before_bit_transitions,-0.055450,DESCRIPTIVE_MULTIPLE_LOOKS_UNADJUSTED_NOT_EVIDENCE
82,1,1,18,GOOD_vs_RANDOM_CONTROL,state_d_before_bit_transitions,-0.045031,DESCRIPTIVE_MULTIPLE_LOOKS_UNADJUSTED_NOT_EVIDENCE
83,1,1,19,GOOD_vs_RANDOM_CONTROL,Maj_popcount,0.034309,DESCRIPTIVE_MULTIPLE_LOOKS_UNADJUSTED_NOT_EVIDENCE
84,1,1,20,GOOD_vs_RANDOM_CONTROL,W_popcount,-0.038251,DESCRIPTIVE_MULTIPLE_LOOKS_UNADJUSTED_NOT_EVIDENCE
85,1,1,21,GOOD_vs_RANDOM_CONTROL,Sigma1_bit_transitions,-0.037422,DESCRIPTIVE_MULTIPLE_LOOKS_UNADJUSTED_NOT_EVIDENCE
86,1,1,22,GOOD_vs_RANDOM_CONTROL,new_a_carry_count,0.055542,DESCRIPTIVE_MULTIPLE_LOOKS_UNADJUSTED_NOT_EVIDENCE
87,1,1,23,GOOD_vs_RANDOM_CONTROL,state_e_before_normalized,-0.053406,DESCRIPTIVE_MULTIPLE_LOOKS_UNADJUSTED_NOT_EVIDENCE
88,1,1,24,GOOD_vs_RANDOM_CONTROL,Ch_normalized,-0.054316,DESCRIPTIVE_MULTIPLE_LOOKS_UNADJUSTED_NOT_EVIDENCE
89,1,1,25,GOOD_vs_RANDOM_CONTROL,Ch_popcount,-0.054143,DESCRIPTIVE_MULTIPLE_LOOKS_UNADJUSTED_NOT_EVIDENCE
90,1,1,26,GOOD_vs_RANDOM_CONTROL,Sigma0_bit_transitions,0.058268,DESCRIPTIVE_MULTIPLE_LOOKS_UNADJUSTED_NOT_EVIDENCE
91,1,1,27,GOOD_vs_RANDOM_CONTROL,new_a_chain_count,0.035934,DESCRIPTIVE_MULTIPLE_LOOKS_UNADJUSTED_NOT_EVIDENCE
92,1,1,28,GOOD_vs_RANDOM_CONTROL,W_popcount,0.039686,DESCRIPTIVE_MULTIPLE_LOOKS_UNADJUSTED_NOT_EVIDENCE
93,1,1,29,GOOD_vs_RANDOM_CONTROL,Sigma0_bit_transitions,-0.038193,DESCRIPTIVE_MULTIPLE_LOOKS_UNADJUSTED_NOT_EVIDENCE
94,1,1,30,GOOD_vs_RANDOM_CONTROL,T1_bit_transitions,-0.038264,DESCRIPTIVE_MULTIPLE_LOOKS_UNADJUSTED_NOT_EVIDENCE
95,1,1,31,GOOD_vs_RANDOM_CONTROL,Sigma0_popcount,-0.040543,DESCRIPTIVE_MULTIPLE_LOOKS_UNADJUSTED_NOT_EVIDENCE
96,1,1,32,GOOD_vs_RANDOM_CONTROL,T1_popcount,-0.051084,DESCRIPTIVE_MULTIPLE_LOOKS_UNADJUSTED_NOT_EVIDENCE
97,1,1,33,GOOD_vs_RANDOM_CONTROL,T2_bit_transitions,-0.042219,DESCRIPTIVE_MULTIPLE_LOOKS_UNADJUSTED_NOT_EVIDENCE
98,1,1,34,GOOD_vs_RANDOM_CONTROL,Sigma1_bit_transitions,-0.039101,DESCRIPTIVE_MULTIPLE_LOOKS_UNADJUSTED_NOT_EVIDENCE
99,1,1,35,GOOD_vs_RANDOM_CONTROL,Sigma1_popcount,-0.053810,DESCRIPTIVE_MULTIPLE_LOOKS_UNADJUSTED_NOT_EVIDENCE
100,1,1,36,GOOD_vs_RANDOM_CONTROL,Maj_bit_transitions,0.049110,DESCRIPTIVE_MULTIPLE_LOOKS_UNADJUSTED_NOT_EVIDENCE
101,1,1,37,GOOD_vs_RANDOM_CONTROL,new_a_maximum_chain,-0.045827,DESCRIPTIVE_MULTIPLE_LOOKS_UNADJUSTED_NOT_EVIDENCE
102,1,1,38,GOOD_vs_RANDOM_CONTROL,Sigma1_bit_transitions,-0.037771,DESCRIPTIVE_MULTIPLE_LOOKS_UNADJUSTED_NOT_EVIDENCE
103,1,1,39,GOOD_vs_RANDOM_CONTROL,T2_normalized,0.041870,DESCRIPTIVE_MULTIPLE_LOOKS_UNADJUSTED_NOT_EVIDENCE
104,1,1,40,GOOD_vs_RANDOM_CONTROL,state_h_before_normalized,-0.035884,DESCRIPTIVE_MULTIPLE_LOOKS_UNADJUSTED_NOT_EVIDENCE
105,1,1,41,GOOD_vs_RANDOM_CONTROL,state_a_before_bit_transitions,0.038696,DESCRIPTIVE_MULTIPLE_LOOKS_UNADJUSTED_NOT_EVIDENCE
106,1,1,42,GOOD_vs_RANDOM_CONTROL,state_b_before_bit_transitions,0.038696,DESCRIPTIVE_MULTIPLE_LOOKS_UNADJUSTED_NOT_EVIDENCE
107,1,1,43,GOOD_vs_RANDOM_CONTROL,W_bit_transitions,0.040657,DESCRIPTIVE_MULTIPLE_LOOKS_UNADJUSTED_NOT_EVIDENCE
108,1,1,44,GOOD_vs_RANDOM_CONTROL,state_b_before_bit_transitions,-0.038946,DESCRIPTIVE_MULTIPLE_LOOKS_UNADJUSTED_NOT_EVIDENCE
109,1,1,45,GOOD_vs_RANDOM_CONTROL,state_c_before_bit_transitions,-0.038946,DESCRIPTIVE_MULTIPLE_LOOKS_UNADJUSTED_NOT_EVIDENCE
110,1,1,46,GOOD_vs_RANDOM_CONTROL,Sigma0_popcount,-0.055649,DESCRIPTIVE_MULTIPLE_LOOKS_UNADJUSTED_NOT_EVIDENCE
111,1,1,47,GOOD_vs_RANDOM_CONTROL,state_a_before_normalized,-0.043488,DESCRIPTIVE_MULTIPLE_LOOKS_UNADJUSTED_NOT_EVIDENCE
112,1,1,48,GOOD_vs_RANDOM_CONTROL,state_b_before_normalized,-0.043488,DESCRIPTIVE_MULTIPLE_LOOKS_UNADJUSTED_NOT_EVIDENCE
113,1,1,49,GOOD_vs_RANDOM_CONTROL,new_e_carry_count,-0.044604,DESCRIPTIVE_MULTIPLE_LOOKS_UNADJUSTED_NOT_EVIDENCE
114,1,1,50,GOOD_vs_RANDOM_CONTROL,Sigma0_normalized,0.052938,DESCRIPTIVE_MULTIPLE_LOOKS_UNADJUSTED_NOT_EVIDENCE
115,1,1,51,GOOD_vs_RANDOM_CONTROL,new_e_maximum_chain,0.041367,DESCRIPTIVE_MULTIPLE_LOOKS_UNADJUSTED_NOT_EVIDENCE
116,1,1,52,GOOD_vs_RANDOM_CONTROL,new_a_carry_count,-0.042620,DESCRIPTIVE_MULTIPLE_LOOKS_UNADJUSTED_NOT_EVIDENCE
117,1,1,53,GOOD_vs_RANDOM_CONTROL,T1_bit_transitions,0.047788,DESCRIPTIVE_MULTIPLE_LOOKS_UNADJUSTED_NOT_EVIDENCE
118,1,1,54,GOOD_vs_RANDOM_CONTROL,T1_bit_transitions,0.040911,DESCRIPTIVE_MULTIPLE_LOOKS_UNADJUSTED_NOT_EVIDENCE
119,1,1,55,GOOD_vs_RANDOM_CONTROL,Sigma1_normalized,0.048986,DESCRIPTIVE_MULTIPLE_LOOKS_UNADJUSTED_NOT_EVIDENCE
120,1,1,56,GOOD_vs_RANDOM_CONTROL,T1_bit_transitions,0.041150,DESCRIPTIVE_MULTIPLE_LOOKS_UNADJUSTED_NOT_EVIDENCE
121,1,1,57,GOOD_vs_RANDOM_CONTROL,W_normalized,-0.034037,DESCRIPTIVE_MULTIPLE_LOOKS_UNADJUSTED_NOT_EVIDENCE
122,1,1,58,GOOD_vs_RANDOM_CONTROL,state_a_before_bit_transitions,0.034785,DESCRIPTIVE_MULTIPLE_LOOKS_UNADJUSTED_NOT_EVIDENCE
123,1,1,59,GOOD_vs_RANDOM_CONTROL,T1_bit_transitions,-0.043414,DESCRIPTIVE_MULTIPLE_LOOKS_UNADJUSTED_NOT_EVIDENCE
124,1,1,60,GOOD_vs_RANDOM_CONTROL,Sigma0_normalized,0.044576,DESCRIPTIVE_MULTIPLE_LOOKS_UNADJUSTED_NOT_EVIDENCE
125,1,1,61,GOOD_vs_RANDOM_CONTROL,Ch_popcount,-0.054362,DESCRIPTIVE_MULTIPLE_LOOKS_UNADJUSTED_NOT_EVIDENCE
126,1,1,62,GOOD_vs_RANDOM_CONTROL,state_c_before_bit_transitions,0.038282,DESCRIPTIVE_MULTIPLE_LOOKS_UNADJUSTED_NOT_EVIDENCE
127,1,1,63,GOOD_vs_RANDOM_CONTROL,Sigma0_popcount,-0.038854,DESCRIPTIVE_MULTIPLE_LOOKS_UNADJUSTED_NOT_EVIDENCE
128,2,0,0,GOOD_vs_RANDOM_CONTROL,new_a_carry_count,-0.034943,DESCRIPTIVE_MULTIPLE_LOOKS_UNADJUSTED_NOT_EVIDENCE
129,2,0,1,GOOD_vs_RANDOM_CONTROL,state_a_before_bit_transitions,0.042933,DESCRIPTIVE_MULTIPLE_LOOKS_UNADJUSTED_NOT_EVIDENCE
130,2,0,2,GOOD_vs_RANDOM_CONTROL,W_popcount,-0.045359,DESCRIPTIVE_MULTIPLE_LOOKS_UNADJUSTED_NOT_EVIDENCE
131,2,0,3,GOOD_vs_RANDOM_CONTROL,state_c_before_bit_transitions,0.042933,DESCRIPTIVE_MULTIPLE_LOOKS_UNADJUSTED_NOT_EVIDENCE
132,2,0,4,GOOD_vs_RANDOM_CONTROL,T2_carry_count,-0.058322,DESCRIPTIVE_MULTIPLE_LOOKS_UNADJUSTED_NOT_EVIDENCE
133,2,0,5,GOOD_vs_RANDOM_CONTROL,Sigma0_normalized,-0.049383,DESCRIPTIVE_MULTIPLE_LOOKS_UNADJUSTED_NOT_EVIDENCE
134,2,0,6,GOOD_vs_RANDOM_CONTROL,Sigma0_normalized,-0.046697,DESCRIPTIVE_MULTIPLE_LOOKS_UNADJUSTED_NOT_EVIDENCE
135,2,0,7,GOOD_vs_RANDOM_CONTROL,state_a_before_popcount,0.036260,DESCRIPTIVE_MULTIPLE_LOOKS_UNADJUSTED_NOT_EVIDENCE
136,2,0,8,GOOD_vs_RANDOM_CONTROL,state_b_before_popcount,0.036260,DESCRIPTIVE_MULTIPLE_LOOKS_UNADJUSTED_NOT_EVIDENCE
137,2,0,9,GOOD_vs_RANDOM_CONTROL,Maj_popcount,0.044917,DESCRIPTIVE_MULTIPLE_LOOKS_UNADJUSTED_NOT_EVIDENCE
138,2,0,10,GOOD_vs_RANDOM_CONTROL,T2_bit_transitions,-0.038940,DESCRIPTIVE_MULTIPLE_LOOKS_UNADJUSTED_NOT_EVIDENCE
139,2,0,11,GOOD_vs_RANDOM_CONTROL,new_a_chain_count,-0.043579,DESCRIPTIVE_MULTIPLE_LOOKS_UNADJUSTED_NOT_EVIDENCE
140,2,0,12,GOOD_vs_RANDOM_CONTROL,Maj_bit_transitions,-0.056630,DESCRIPTIVE_MULTIPLE_LOOKS_UNADJUSTED_NOT_EVIDENCE
141,2,0,13,GOOD_vs_RANDOM_CONTROL,Ch_popcount,-0.051575,DESCRIPTIVE_MULTIPLE_LOOKS_UNADJUSTED_NOT_EVIDENCE
142,2,0,14,GOOD_vs_RANDOM_CONTROL,Sigma0_bit_transitions,-0.065809,DESCRIPTIVE_MULTIPLE_LOOKS_UNADJUSTED_NOT_EVIDENCE
143,2,0,15,GOOD_vs_RANDOM_CONTROL,state_d_before_popcount,-0.047661,DESCRIPTIVE_MULTIPLE_LOOKS_UNADJUSTED_NOT_EVIDENCE
144,2,0,16,GOOD_vs_RANDOM_CONTROL,state_e_before_normalized,-0.042679,DESCRIPTIVE_MULTIPLE_LOOKS_UNADJUSTED_NOT_EVIDENCE
145,2,0,17,GOOD_vs_RANDOM_CONTROL,Sigma1_bit_transitions,-0.049797,DESCRIPTIVE_MULTIPLE_LOOKS_UNADJUSTED_NOT_EVIDENCE
146,2,0,18,GOOD_vs_RANDOM_CONTROL,state_e_before_normalized,-0.044154,DESCRIPTIVE_MULTIPLE_LOOKS_UNADJUSTED_NOT_EVIDENCE
147,2,0,19,GOOD_vs_RANDOM_CONTROL,T2_popcount,0.044235,DESCRIPTIVE_MULTIPLE_LOOKS_UNADJUSTED_NOT_EVIDENCE
148,2,0,20,GOOD_vs_RANDOM_CONTROL,T2_maximum_chain,0.049146,DESCRIPTIVE_MULTIPLE_LOOKS_UNADJUSTED_NOT_EVIDENCE
149,2,0,21,GOOD_vs_RANDOM_CONTROL,T2_maximum_chain,0.063438,DESCRIPTIVE_MULTIPLE_LOOKS_UNADJUSTED_NOT_EVIDENCE
150,2,0,22,GOOD_vs_RANDOM_CONTROL,state_c_before_popcount,0.048355,DESCRIPTIVE_MULTIPLE_LOOKS_UNADJUSTED_NOT_EVIDENCE
151,2,0,23,GOOD_vs_RANDOM_CONTROL,state_d_before_popcount,0.048355,DESCRIPTIVE_MULTIPLE_LOOKS_UNADJUSTED_NOT_EVIDENCE
152,2,0,24,GOOD_vs_RANDOM_CONTROL,state_f_before_popcount,-0.047732,DESCRIPTIVE_MULTIPLE_LOOKS_UNADJUSTED_NOT_EVIDENCE
153,2,0,25,GOOD_vs_RANDOM_CONTROL,state_g_before_popcount,-0.047732,DESCRIPTIVE_MULTIPLE_LOOKS_UNADJUSTED_NOT_EVIDENCE
154,2,0,26,GOOD_vs_RANDOM_CONTROL,state_h_before_popcount,-0.047732,DESCRIPTIVE_MULTIPLE_LOOKS_UNADJUSTED_NOT_EVIDENCE
155,2,0,27,GOOD_vs_RANDOM_CONTROL,Sigma1_bit_transitions,0.046628,DESCRIPTIVE_MULTIPLE_LOOKS_UNADJUSTED_NOT_EVIDENCE
156,2,0,28,GOOD_vs_RANDOM_CONTROL,T1_chain_count,0.037470,DESCRIPTIVE_MULTIPLE_LOOKS_UNADJUSTED_NOT_EVIDENCE
157,2,0,29,GOOD_vs_RANDOM_CONTROL,state_e_before_bit_transitions,0.049240,DESCRIPTIVE_MULTIPLE_LOOKS_UNADJUSTED_NOT_EVIDENCE
158,2,0,30,GOOD_vs_RANDOM_CONTROL,state_f_before_bit_transitions,0.049240,DESCRIPTIVE_MULTIPLE_LOOKS_UNADJUSTED_NOT_EVIDENCE
159,2,0,31,GOOD_vs_RANDOM_CONTROL,Sigma0_normalized,0.049810,DESCRIPTIVE_MULTIPLE_LOOKS_UNADJUSTED_NOT_EVIDENCE
160,2,0,32,GOOD_vs_RANDOM_CONTROL,state_h_before_bit_transitions,0.049240,DESCRIPTIVE_MULTIPLE_LOOKS_UNADJUSTED_NOT_EVIDENCE
161,2,0,33,GOOD_vs_RANDOM_CONTROL,state_f_before_normalized,0.048075,DESCRIPTIVE_MULTIPLE_LOOKS_UNADJUSTED_NOT_EVIDENCE
162,2,0,34,GOOD_vs_RANDOM_CONTROL,new_a_chain_count,0.048459,DESCRIPTIVE_MULTIPLE_LOOKS_UNADJUSTED_NOT_EVIDENCE
163,2,0,35,GOOD_vs_RANDOM_CONTROL,state_h_before_normalized,0.048075,DESCRIPTIVE_MULTIPLE_LOOKS_UNADJUSTED_NOT_EVIDENCE
164,2,0,36,GOOD_vs_RANDOM_CONTROL,state_e_before_popcount,0.044403,DESCRIPTIVE_MULTIPLE_LOOKS_UNADJUSTED_NOT_EVIDENCE
165,2,0,37,GOOD_vs_RANDOM_CONTROL,new_e_carry_count,-0.046964,DESCRIPTIVE_MULTIPLE_LOOKS_UNADJUSTED_NOT_EVIDENCE
166,2,0,38,GOOD_vs_RANDOM_CONTROL,new_e_maximum_chain,0.055875,DESCRIPTIVE_MULTIPLE_LOOKS_UNADJUSTED_NOT_EVIDENCE
167,2,0,39,GOOD_vs_RANDOM_CONTROL,new_e_maximum_chain,0.058640,DESCRIPTIVE_MULTIPLE_LOOKS_UNADJUSTED_NOT_EVIDENCE
168,2,0,40,GOOD_vs_RANDOM_CONTROL,state_g_before_popcount,0.051921,DESCRIPTIVE_MULTIPLE_LOOKS_UNADJUSTED_NOT_EVIDENCE
169,2,0,41,GOOD_vs_RANDOM_CONTROL,state_h_before_popcount,0.051921,DESCRIPTIVE_MULTIPLE_LOOKS_UNADJUSTED_NOT_EVIDENCE
170,2,0,42,GOOD_vs_RANDOM_CONTROL,T2_bit_transitions,0.040929,DESCRIPTIVE_MULTIPLE_LOOKS_UNADJUSTED_NOT_EVIDENCE
171,2,0,43,GOOD_vs_RANDOM_CONTROL,T1_normalized,-0.038279,DESCRIPTIVE_MULTIPLE_LOOKS_UNADJUSTED_NOT_EVIDENCE
172,2,0,44,GOOD_vs_RANDOM_CONTROL,Ch_popcount,0.041300,DESCRIPTIVE_MULTIPLE_LOOKS_UNADJUSTED_NOT_EVIDENCE
173,2,0,45,GOOD_vs_RANDOM_CONTROL,state_a_before_bit_transitions,0.038795,DESCRIPTIVE_MULTIPLE_LOOKS_UNADJUSTED_NOT_EVIDENCE
174,2,0,46,GOOD_vs_RANDOM_CONTROL,new_a_chain_count,0.052330,DESCRIPTIVE_MULTIPLE_LOOKS_UNADJUSTED_NOT_EVIDENCE
175,2,0,47,GOOD_vs_RANDOM_CONTROL,state_c_before_bit_transitions,0.038795,DESCRIPTIVE_MULTIPLE_LOOKS_UNADJUSTED_NOT_EVIDENCE
176,2,0,48,GOOD_vs_RANDOM_CONTROL,new_a_chain_count,-0.065997,DESCRIPTIVE_MULTIPLE_LOOKS_UNADJUSTED_NOT_EVIDENCE
177,2,0,49,GOOD_vs_RANDOM_CONTROL,state_e_before_bit_transitions,0.045672,DESCRIPTIVE_MULTIPLE_LOOKS_UNADJUSTED_NOT_EVIDENCE
178,2,0,50,GOOD_vs_RANDOM_CONTROL,state_f_before_bit_transitions,0.045672,DESCRIPTIVE_MULTIPLE_LOOKS_UNADJUSTED_NOT_EVIDENCE
179,2,0,51,GOOD_vs_RANDOM_CONTROL,state_a_before_popcount,0.057490,DESCRIPTIVE_MULTIPLE_LOOKS_UNADJUSTED_NOT_EVIDENCE
180,2,0,52,GOOD_vs_RANDOM_CONTROL,state_b_before_popcount,0.057490,DESCRIPTIVE_MULTIPLE_LOOKS_UNADJUSTED_NOT_EVIDENCE
181,2,0,53,GOOD_vs_RANDOM_CONTROL,state_c_before_popcount,0.057490,DESCRIPTIVE_MULTIPLE_LOOKS_UNADJUSTED_NOT_EVIDENCE
182,2,0,54,GOOD_vs_RANDOM_CONTROL,state_d_before_popcount,0.057490,DESCRIPTIVE_MULTIPLE_LOOKS_UNADJUSTED_NOT_EVIDENCE
183,2,0,55,GOOD_vs_RANDOM_CONTROL,state_f_before_bit_transitions,0.038035,DESCRIPTIVE_MULTIPLE_LOOKS_UNADJUSTED_NOT_EVIDENCE
184,2,0,56,GOOD_vs_RANDOM_CONTROL,state_a_before_popcount,-0.040588,DESCRIPTIVE_MULTIPLE_LOOKS_UNADJUSTED_NOT_EVIDENCE
185,2,0,57,GOOD_vs_RANDOM_CONTROL,state_b_before_popcount,-0.040588,DESCRIPTIVE_MULTIPLE_LOOKS_UNADJUSTED_NOT_EVIDENCE
186,2,0,58,GOOD_vs_RANDOM_CONTROL,Sigma0_popcount,-0.047412,DESCRIPTIVE_MULTIPLE_LOOKS_UNADJUSTED_NOT_EVIDENCE
187,2,0,59,GOOD_vs_RANDOM_CONTROL,state_a_before_bit_transitions,0.042084,DESCRIPTIVE_MULTIPLE_LOOKS_UNADJUSTED_NOT_EVIDENCE
188,2,0,60,GOOD_vs_RANDOM_CONTROL,new_e_carry_count,-0.209104,DESCRIPTIVE_MULTIPLE_LOOKS_UNADJUSTED_NOT_EVIDENCE
189,2,0,61,GOOD_vs_RANDOM_CONTROL,state_e_before_bit_transitions,-0.564318,DESCRIPTIVE_MULTIPLE_LOOKS_UNADJUSTED_NOT_EVIDENCE
190,2,0,62,GOOD_vs_RANDOM_CONTROL,state_f_before_bit_transitions,-0.564318,DESCRIPTIVE_MULTIPLE_LOOKS_UNADJUSTED_NOT_EVIDENCE
191,2,0,63,GOOD_vs_RANDOM_CONTROL,state_g_before_bit_transitions,-0.564318,DESCRIPTIVE_MULTIPLE_LOOKS_UNADJUSTED_NOT_EVIDENCE
0,1,0,0,T20_CONTROL_vs_RANDOM_CONTROL,state_a_before_normalized,0.000000,DESCRIPTIVE_MULTIPLE_LOOKS_UNADJUSTED_NOT_EVIDENCE
1,1,0,1,T20_CONTROL_vs_RANDOM_CONTROL,state_a_before_normalized,0.000000,DESCRIPTIVE_MULTIPLE_LOOKS_UNADJUSTED_NOT_EVIDENCE
2,1,0,2,T20_CONTROL_vs_RANDOM_CONTROL,state_a_before_normalized,0.000000,DESCRIPTIVE_MULTIPLE_LOOKS_UNADJUSTED_NOT_EVIDENCE
3,1,0,3,T20_CONTROL_vs_RANDOM_CONTROL,state_a_before_normalized,0.000000,DESCRIPTIVE_MULTIPLE_LOOKS_UNADJUSTED_NOT_EVIDENCE
4,1,0,4,T20_CONTROL_vs_RANDOM_CONTROL,state_a_before_normalized,0.000000,DESCRIPTIVE_MULTIPLE_LOOKS_UNADJUSTED_NOT_EVIDENCE
5,1,0,5,T20_CONTROL_vs_RANDOM_CONTROL,state_a_before_normalized,0.000000,DESCRIPTIVE_MULTIPLE_LOOKS_UNADJUSTED_NOT_EVIDENCE
6,1,0,6,T20_CONTROL_vs_RANDOM_CONTROL,state_a_before_normalized,0.000000,DESCRIPTIVE_MULTIPLE_LOOKS_UNADJUSTED_NOT_EVIDENCE
7,1,0,7,T20_CONTROL_vs_RANDOM_CONTROL,state_a_before_normalized,0.000000,DESCRIPTIVE_MULTIPLE_LOOKS_UNADJUSTED_NOT_EVIDENCE
8,1,0,8,T20_CONTROL_vs_RANDOM_CONTROL,state_a_before_normalized,0.000000,DESCRIPTIVE_MULTIPLE_LOOKS_UNADJUSTED_NOT_EVIDENCE
9,1,0,9,T20_CONTROL_vs_RANDOM_CONTROL,state_a_before_normalized,0.000000,DESCRIPTIVE_MULTIPLE_LOOKS_UNADJUSTED_NOT_EVIDENCE
10,1,0,10,T20_CONTROL_vs_RANDOM_CONTROL,state_a_before_normalized,0.000000,DESCRIPTIVE_MULTIPLE_LOOKS_UNADJUSTED_NOT_EVIDENCE
11,1,0,11,T20_CONTROL_vs_RANDOM_CONTROL,state_a_before_normalized,0.000000,DESCRIPTIVE_MULTIPLE_LOOKS_UNADJUSTED_NOT_EVIDENCE
12,1,0,12,T20_CONTROL_vs_RANDOM_CONTROL,state_a_before_normalized,0.000000,DESCRIPTIVE_MULTIPLE_LOOKS_UNADJUSTED_NOT_EVIDENCE
13,1,0,13,T20_CONTROL_vs_RANDOM_CONTROL,state_a_before_normalized,0.000000,DESCRIPTIVE_MULTIPLE_LOOKS_UNADJUSTED_NOT_EVIDENCE
14,1,0,14,T20_CONTROL_vs_RANDOM_CONTROL,state_a_before_normalized,0.000000,DESCRIPTIVE_MULTIPLE_LOOKS_UNADJUSTED_NOT_EVIDENCE
15,1,0,15,T20_CONTROL_vs_RANDOM_CONTROL,state_a_before_normalized,0.000000,DESCRIPTIVE_MULTIPLE_LOOKS_UNADJUSTED_NOT_EVIDENCE
16,1,0,16,T20_CONTROL_vs_RANDOM_CONTROL,state_a_before_normalized,0.000000,DESCRIPTIVE_MULTIPLE_LOOKS_UNADJUSTED_NOT_EVIDENCE
17,1,0,17,T20_CONTROL_vs_RANDOM_CONTROL,state_a_before_normalized,0.000000,DESCRIPTIVE_MULTIPLE_LOOKS_UNADJUSTED_NOT_EVIDENCE
18,1,0,18,T20_CONTROL_vs_RANDOM_CONTROL,state_a_before_normalized,0.000000,DESCRIPTIVE_MULTIPLE_LOOKS_UNADJUSTED_NOT_EVIDENCE
19,1,0,19,T20_CONTROL_vs_RANDOM_CONTROL,state_a_before_normalized,0.000000,DESCRIPTIVE_MULTIPLE_LOOKS_UNADJUSTED_NOT_EVIDENCE
20,1,0,20,T20_CONTROL_vs_RANDOM_CONTROL,state_a_before_normalized,0.000000,DESCRIPTIVE_MULTIPLE_LOOKS_UNADJUSTED_NOT_EVIDENCE
21,1,0,21,T20_CONTROL_vs_RANDOM_CONTROL,state_a_before_normalized,0.000000,DESCRIPTIVE_MULTIPLE_LOOKS_UNADJUSTED_NOT_EVIDENCE
22,1,0,22,T20_CONTROL_vs_RANDOM_CONTROL,state_a_before_normalized,0.000000,DESCRIPTIVE_MULTIPLE_LOOKS_UNADJUSTED_NOT_EVIDENCE
23,1,0,23,T20_CONTROL_vs_RANDOM_CONTROL,state_a_before_normalized,0.000000,DESCRIPTIVE_MULTIPLE_LOOKS_UNADJUSTED_NOT_EVIDENCE
24,1,0,24,T20_CONTROL_vs_RANDOM_CONTROL,state_a_before_normalized,0.000000,DESCRIPTIVE_MULTIPLE_LOOKS_UNADJUSTED_NOT_EVIDENCE
25,1,0,25,T20_CONTROL_vs_RANDOM_CONTROL,state_a_before_normalized,0.000000,DESCRIPTIVE_MULTIPLE_LOOKS_UNADJUSTED_NOT_EVIDENCE
26,1,0,26,T20_CONTROL_vs_RANDOM_CONTROL,state_a_before_normalized,0.000000,DESCRIPTIVE_MULTIPLE_LOOKS_UNADJUSTED_NOT_EVIDENCE
27,1,0,27,T20_CONTROL_vs_RANDOM_CONTROL,state_a_before_normalized,0.000000,DESCRIPTIVE_MULTIPLE_LOOKS_UNADJUSTED_NOT_EVIDENCE
28,1,0,28,T20_CONTROL_vs_RANDOM_CONTROL,state_a_before_normalized,0.000000,DESCRIPTIVE_MULTIPLE_LOOKS_UNADJUSTED_NOT_EVIDENCE
29,1,0,29,T20_CONTROL_vs_RANDOM_CONTROL,state_a_before_normalized,0.000000,DESCRIPTIVE_MULTIPLE_LOOKS_UNADJUSTED_NOT_EVIDENCE
30,1,0,30,T20_CONTROL_vs_RANDOM_CONTROL,state_a_before_normalized,0.000000,DESCRIPTIVE_MULTIPLE_LOOKS_UNADJUSTED_NOT_EVIDENCE
31,1,0,31,T20_CONTROL_vs_RANDOM_CONTROL,state_a_before_normalized,0.000000,DESCRIPTIVE_MULTIPLE_LOOKS_UNADJUSTED_NOT_EVIDENCE
32,1,0,32,T20_CONTROL_vs_RANDOM_CONTROL,state_a_before_normalized,0.000000,DESCRIPTIVE_MULTIPLE_LOOKS_UNADJUSTED_NOT_EVIDENCE
33,1,0,33,T20_CONTROL_vs_RANDOM_CONTROL,state_a_before_normalized,0.000000,DESCRIPTIVE_MULTIPLE_LOOKS_UNADJUSTED_NOT_EVIDENCE
34,1,0,34,T20_CONTROL_vs_RANDOM_CONTROL,state_a_before_normalized,0.000000,DESCRIPTIVE_MULTIPLE_LOOKS_UNADJUSTED_NOT_EVIDENCE
35,1,0,35,T20_CONTROL_vs_RANDOM_CONTROL,state_a_before_normalized,0.000000,DESCRIPTIVE_MULTIPLE_LOOKS_UNADJUSTED_NOT_EVIDENCE
36,1,0,36,T20_CONTROL_vs_RANDOM_CONTROL,state_a_before_normalized,0.000000,DESCRIPTIVE_MULTIPLE_LOOKS_UNADJUSTED_NOT_EVIDENCE
37,1,0,37,T20_CONTROL_vs_RANDOM_CONTROL,state_a_before_normalized,0.000000,DESCRIPTIVE_MULTIPLE_LOOKS_UNADJUSTED_NOT_EVIDENCE
38,1,0,38,T20_CONTROL_vs_RANDOM_CONTROL,state_a_before_normalized,0.000000,DESCRIPTIVE_MULTIPLE_LOOKS_UNADJUSTED_NOT_EVIDENCE
39,1,0,39,T20_CONTROL_vs_RANDOM_CONTROL,state_a_before_normalized,0.000000,DESCRIPTIVE_MULTIPLE_LOOKS_UNADJUSTED_NOT_EVIDENCE
40,1,0,40,T20_CONTROL_vs_RANDOM_CONTROL,state_a_before_normalized,0.000000,DESCRIPTIVE_MULTIPLE_LOOKS_UNADJUSTED_NOT_EVIDENCE
41,1,0,41,T20_CONTROL_vs_RANDOM_CONTROL,state_a_before_normalized,0.000000,DESCRIPTIVE_MULTIPLE_LOOKS_UNADJUSTED_NOT_EVIDENCE
42,1,0,42,T20_CONTROL_vs_RANDOM_CONTROL,state_a_before_normalized,0.000000,DESCRIPTIVE_MULTIPLE_LOOKS_UNADJUSTED_NOT_EVIDENCE
43,1,0,43,T20_CONTROL_vs_RANDOM_CONTROL,state_a_before_normalized,0.000000,DESCRIPTIVE_MULTIPLE_LOOKS_UNADJUSTED_NOT_EVIDENCE
44,1,0,44,T20_CONTROL_vs_RANDOM_CONTROL,state_a_before_normalized,0.000000,DESCRIPTIVE_MULTIPLE_LOOKS_UNADJUSTED_NOT_EVIDENCE
45,1,0,45,T20_CONTROL_vs_RANDOM_CONTROL,state_a_before_normalized,0.000000,DESCRIPTIVE_MULTIPLE_LOOKS_UNADJUSTED_NOT_EVIDENCE
46,1,0,46,T20_CONTROL_vs_RANDOM_CONTROL,state_a_before_normalized,0.000000,DESCRIPTIVE_MULTIPLE_LOOKS_UNADJUSTED_NOT_EVIDENCE
47,1,0,47,T20_CONTROL_vs_RANDOM_CONTROL,state_a_before_normalized,0.000000,DESCRIPTIVE_MULTIPLE_LOOKS_UNADJUSTED_NOT_EVIDENCE
48,1,0,48,T20_CONTROL_vs_RANDOM_CONTROL,state_a_before_normalized,0.000000,DESCRIPTIVE_MULTIPLE_LOOKS_UNADJUSTED_NOT_EVIDENCE
49,1,0,49,T20_CONTROL_vs_RANDOM_CONTROL,state_a_before_normalized,0.000000,DESCRIPTIVE_MULTIPLE_LOOKS_UNADJUSTED_NOT_EVIDENCE
50,1,0,50,T20_CONTROL_vs_RANDOM_CONTROL,state_a_before_normalized,0.000000,DESCRIPTIVE_MULTIPLE_LOOKS_UNADJUSTED_NOT_EVIDENCE
51,1,0,51,T20_CONTROL_vs_RANDOM_CONTROL,state_a_before_normalized,0.000000,DESCRIPTIVE_MULTIPLE_LOOKS_UNADJUSTED_NOT_EVIDENCE
52,1,0,52,T20_CONTROL_vs_RANDOM_CONTROL,state_a_before_normalized,0.000000,DESCRIPTIVE_MULTIPLE_LOOKS_UNADJUSTED_NOT_EVIDENCE
53,1,0,53,T20_CONTROL_vs_RANDOM_CONTROL,state_a_before_normalized,0.000000,DESCRIPTIVE_MULTIPLE_LOOKS_UNADJUSTED_NOT_EVIDENCE
54,1,0,54,T20_CONTROL_vs_RANDOM_CONTROL,state_a_before_normalized,0.000000,DESCRIPTIVE_MULTIPLE_LOOKS_UNADJUSTED_NOT_EVIDENCE
55,1,0,55,T20_CONTROL_vs_RANDOM_CONTROL,state_a_before_normalized,0.000000,DESCRIPTIVE_MULTIPLE_LOOKS_UNADJUSTED_NOT_EVIDENCE
56,1,0,56,T20_CONTROL_vs_RANDOM_CONTROL,state_a_before_normalized,0.000000,DESCRIPTIVE_MULTIPLE_LOOKS_UNADJUSTED_NOT_EVIDENCE
57,1,0,57,T20_CONTROL_vs_RANDOM_CONTROL,state_a_before_normalized,0.000000,DESCRIPTIVE_MULTIPLE_LOOKS_UNADJUSTED_NOT_EVIDENCE
58,1,0,58,T20_CONTROL_vs_RANDOM_CONTROL,state_a_before_normalized,0.000000,DESCRIPTIVE_MULTIPLE_LOOKS_UNADJUSTED_NOT_EVIDENCE
59,1,0,59,T20_CONTROL_vs_RANDOM_CONTROL,state_a_before_normalized,0.000000,DESCRIPTIVE_MULTIPLE_LOOKS_UNADJUSTED_NOT_EVIDENCE
60,1,0,60,T20_CONTROL_vs_RANDOM_CONTROL,state_a_before_normalized,0.000000,DESCRIPTIVE_MULTIPLE_LOOKS_UNADJUSTED_NOT_EVIDENCE
61,1,0,61,T20_CONTROL_vs_RANDOM_CONTROL,state_a_before_normalized,0.000000,DESCRIPTIVE_MULTIPLE_LOOKS_UNADJUSTED_NOT_EVIDENCE
62,1,0,62,T20_CONTROL_vs_RANDOM_CONTROL,state_a_before_normalized,0.000000,DESCRIPTIVE_MULTIPLE_LOOKS_UNADJUSTED_NOT_EVIDENCE
63,1,0,63,T20_CONTROL_vs_RANDOM_CONTROL,state_a_before_normalized,0.000000,DESCRIPTIVE_MULTIPLE_LOOKS_UNADJUSTED_NOT_EVIDENCE
64,1,1,0,T20_CONTROL_vs_RANDOM_CONTROL,state_a_before_normalized,0.000000,DESCRIPTIVE_MULTIPLE_LOOKS_UNADJUSTED_NOT_EVIDENCE
65,1,1,1,T20_CONTROL_vs_RANDOM_CONTROL,state_a_before_normalized,0.000000,DESCRIPTIVE_MULTIPLE_LOOKS_UNADJUSTED_NOT_EVIDENCE
66,1,1,2,T20_CONTROL_vs_RANDOM_CONTROL,state_a_before_normalized,0.000000,DESCRIPTIVE_MULTIPLE_LOOKS_UNADJUSTED_NOT_EVIDENCE
67,1,1,3,T20_CONTROL_vs_RANDOM_CONTROL,T1_bit_transitions,-0.024858,DESCRIPTIVE_MULTIPLE_LOOKS_UNADJUSTED_NOT_EVIDENCE
68,1,1,4,T20_CONTROL_vs_RANDOM_CONTROL,new_e_chain_count,0.031643,DESCRIPTIVE_MULTIPLE_LOOKS_UNADJUSTED_NOT_EVIDENCE
69,1,1,5,T20_CONTROL_vs_RANDOM_CONTROL,T2_normalized,0.050465,DESCRIPTIVE_MULTIPLE_LOOKS_UNADJUSTED_NOT_EVIDENCE
70,1,1,6,T20_CONTROL_vs_RANDOM_CONTROL,new_a_maximum_chain,0.043604,DESCRIPTIVE_MULTIPLE_LOOKS_UNADJUSTED_NOT_EVIDENCE
71,1,1,7,T20_CONTROL_vs_RANDOM_CONTROL,T2_bit_transitions,0.056589,DESCRIPTIVE_MULTIPLE_LOOKS_UNADJUSTED_NOT_EVIDENCE
72,1,1,8,T20_CONTROL_vs_RANDOM_CONTROL,Sigma0_normalized,-0.042988,DESCRIPTIVE_MULTIPLE_LOOKS_UNADJUSTED_NOT_EVIDENCE
73,1,1,9,T20_CONTROL_vs_RANDOM_CONTROL,T2_chain_count,-0.039152,DESCRIPTIVE_MULTIPLE_LOOKS_UNADJUSTED_NOT_EVIDENCE
74,1,1,10,T20_CONTROL_vs_RANDOM_CONTROL,T2_chain_count,-0.036304,DESCRIPTIVE_MULTIPLE_LOOKS_UNADJUSTED_NOT_EVIDENCE
75,1,1,11,T20_CONTROL_vs_RANDOM_CONTROL,T1_chain_count,0.047438,DESCRIPTIVE_MULTIPLE_LOOKS_UNADJUSTED_NOT_EVIDENCE
76,1,1,12,T20_CONTROL_vs_RANDOM_CONTROL,T2_normalized,-0.044857,DESCRIPTIVE_MULTIPLE_LOOKS_UNADJUSTED_NOT_EVIDENCE
77,1,1,13,T20_CONTROL_vs_RANDOM_CONTROL,Sigma0_popcount,0.037355,DESCRIPTIVE_MULTIPLE_LOOKS_UNADJUSTED_NOT_EVIDENCE
78,1,1,14,T20_CONTROL_vs_RANDOM_CONTROL,Maj_bit_transitions,-0.049179,DESCRIPTIVE_MULTIPLE_LOOKS_UNADJUSTED_NOT_EVIDENCE
79,1,1,15,T20_CONTROL_vs_RANDOM_CONTROL,state_c_before_normalized,-0.034317,DESCRIPTIVE_MULTIPLE_LOOKS_UNADJUSTED_NOT_EVIDENCE
80,1,1,16,T20_CONTROL_vs_RANDOM_CONTROL,T2_carry_count,0.039295,DESCRIPTIVE_MULTIPLE_LOOKS_UNADJUSTED_NOT_EVIDENCE
81,1,1,17,T20_CONTROL_vs_RANDOM_CONTROL,T2_bit_transitions,0.033440,DESCRIPTIVE_MULTIPLE_LOOKS_UNADJUSTED_NOT_EVIDENCE
82,1,1,18,T20_CONTROL_vs_RANDOM_CONTROL,state_f_before_bit_transitions,0.031847,DESCRIPTIVE_MULTIPLE_LOOKS_UNADJUSTED_NOT_EVIDENCE
83,1,1,19,T20_CONTROL_vs_RANDOM_CONTROL,state_a_before_normalized,0.051598,DESCRIPTIVE_MULTIPLE_LOOKS_UNADJUSTED_NOT_EVIDENCE
84,1,1,20,T20_CONTROL_vs_RANDOM_CONTROL,state_b_before_normalized,0.051598,DESCRIPTIVE_MULTIPLE_LOOKS_UNADJUSTED_NOT_EVIDENCE
85,1,1,21,T20_CONTROL_vs_RANDOM_CONTROL,state_c_before_normalized,0.051598,DESCRIPTIVE_MULTIPLE_LOOKS_UNADJUSTED_NOT_EVIDENCE
86,1,1,22,T20_CONTROL_vs_RANDOM_CONTROL,state_d_before_normalized,0.051598,DESCRIPTIVE_MULTIPLE_LOOKS_UNADJUSTED_NOT_EVIDENCE
87,1,1,23,T20_CONTROL_vs_RANDOM_CONTROL,T2_maximum_chain,0.037577,DESCRIPTIVE_MULTIPLE_LOOKS_UNADJUSTED_NOT_EVIDENCE
88,1,1,24,T20_CONTROL_vs_RANDOM_CONTROL,Ch_normalized,-0.038952,DESCRIPTIVE_MULTIPLE_LOOKS_UNADJUSTED_NOT_EVIDENCE
89,1,1,25,T20_CONTROL_vs_RANDOM_CONTROL,state_a_before_bit_transitions,0.062017,DESCRIPTIVE_MULTIPLE_LOOKS_UNADJUSTED_NOT_EVIDENCE
90,1,1,26,T20_CONTROL_vs_RANDOM_CONTROL,state_b_before_bit_transitions,0.062017,DESCRIPTIVE_MULTIPLE_LOOKS_UNADJUSTED_NOT_EVIDENCE
91,1,1,27,T20_CONTROL_vs_RANDOM_CONTROL,T2_popcount,-0.072317,DESCRIPTIVE_MULTIPLE_LOOKS_UNADJUSTED_NOT_EVIDENCE
92,1,1,28,T20_CONTROL_vs_RANDOM_CONTROL,state_d_before_bit_transitions,0.062017,DESCRIPTIVE_MULTIPLE_LOOKS_UNADJUSTED_NOT_EVIDENCE
93,1,1,29,T20_CONTROL_vs_RANDOM_CONTROL,Maj_bit_transitions,-0.040174,DESCRIPTIVE_MULTIPLE_LOOKS_UNADJUSTED_NOT_EVIDENCE
94,1,1,30,T20_CONTROL_vs_RANDOM_CONTROL,state_h_before_bit_transitions,0.037104,DESCRIPTIVE_MULTIPLE_LOOKS_UNADJUSTED_NOT_EVIDENCE
95,1,1,31,T20_CONTROL_vs_RANDOM_CONTROL,state_d_before_normalized,-0.034317,DESCRIPTIVE_MULTIPLE_LOOKS_UNADJUSTED_NOT_EVIDENCE
96,1,1,32,T20_CONTROL_vs_RANDOM_CONTROL,Ch_bit_transitions,0.045595,DESCRIPTIVE_MULTIPLE_LOOKS_UNADJUSTED_NOT_EVIDENCE
97,1,1,33,T20_CONTROL_vs_RANDOM_CONTROL,state_g_before_bit_transitions,0.030884,DESCRIPTIVE_MULTIPLE_LOOKS_UNADJUSTED_NOT_EVIDENCE
98,1,1,34,T20_CONTROL_vs_RANDOM_CONTROL,state_a_before_bit_transitions,-0.045021,DESCRIPTIVE_MULTIPLE_LOOKS_UNADJUSTED_NOT_EVIDENCE
99,1,1,35,T20_CONTROL_vs_RANDOM_CONTROL,W_normalized,-0.052780,DESCRIPTIVE_MULTIPLE_LOOKS_UNADJUSTED_NOT_EVIDENCE
100,1,1,36,T20_CONTROL_vs_RANDOM_CONTROL,state_c_before_bit_transitions,-0.045021,DESCRIPTIVE_MULTIPLE_LOOKS_UNADJUSTED_NOT_EVIDENCE
101,1,1,37,T20_CONTROL_vs_RANDOM_CONTROL,state_d_before_bit_transitions,-0.045021,DESCRIPTIVE_MULTIPLE_LOOKS_UNADJUSTED_NOT_EVIDENCE
102,1,1,38,T20_CONTROL_vs_RANDOM_CONTROL,Sigma1_bit_transitions,-0.045509,DESCRIPTIVE_MULTIPLE_LOOKS_UNADJUSTED_NOT_EVIDENCE
103,1,1,39,T20_CONTROL_vs_RANDOM_CONTROL,Ch_bit_transitions,-0.046896,DESCRIPTIVE_MULTIPLE_LOOKS_UNADJUSTED_NOT_EVIDENCE
104,1,1,40,T20_CONTROL_vs_RANDOM_CONTROL,state_f_before_bit_transitions,-0.044271,DESCRIPTIVE_MULTIPLE_LOOKS_UNADJUSTED_NOT_EVIDENCE
105,1,1,41,T20_CONTROL_vs_RANDOM_CONTROL,state_g_before_bit_transitions,-0.044271,DESCRIPTIVE_MULTIPLE_LOOKS_UNADJUSTED_NOT_EVIDENCE
106,1,1,42,T20_CONTROL_vs_RANDOM_CONTROL,state_h_before_bit_transitions,-0.044271,DESCRIPTIVE_MULTIPLE_LOOKS_UNADJUSTED_NOT_EVIDENCE
107,1,1,43,T20_CONTROL_vs_RANDOM_CONTROL,T2_chain_count,-0.041061,DESCRIPTIVE_MULTIPLE_LOOKS_UNADJUSTED_NOT_EVIDENCE
108,1,1,44,T20_CONTROL_vs_RANDOM_CONTROL,T2_bit_transitions,0.035206,DESCRIPTIVE_MULTIPLE_LOOKS_UNADJUSTED_NOT_EVIDENCE
109,1,1,45,T20_CONTROL_vs_RANDOM_CONTROL,T1_carry_count,-0.047213,DESCRIPTIVE_MULTIPLE_LOOKS_UNADJUSTED_NOT_EVIDENCE
110,1,1,46,T20_CONTROL_vs_RANDOM_CONTROL,W_bit_transitions,0.039125,DESCRIPTIVE_MULTIPLE_LOOKS_UNADJUSTED_NOT_EVIDENCE
111,1,1,47,T20_CONTROL_vs_RANDOM_CONTROL,T2_chain_count,0.040285,DESCRIPTIVE_MULTIPLE_LOOKS_UNADJUSTED_NOT_EVIDENCE
112,1,1,48,T20_CONTROL_vs_RANDOM_CONTROL,new_a_carry_count,0.054468,DESCRIPTIVE_MULTIPLE_LOOKS_UNADJUSTED_NOT_EVIDENCE
113,1,1,49,T20_CONTROL_vs_RANDOM_CONTROL,state_a_before_popcount,-0.044477,DESCRIPTIVE_MULTIPLE_LOOKS_UNADJUSTED_NOT_EVIDENCE
114,1,1,50,T20_CONTROL_vs_RANDOM_CONTROL,W_bit_transitions,-0.046490,DESCRIPTIVE_MULTIPLE_LOOKS_UNADJUSTED_NOT_EVIDENCE
115,1,1,51,T20_CONTROL_vs_RANDOM_CONTROL,state_c_before_popcount,-0.044477,DESCRIPTIVE_MULTIPLE_LOOKS_UNADJUSTED_NOT_EVIDENCE
116,1,1,52,T20_CONTROL_vs_RANDOM_CONTROL,T1_popcount,-0.051529,DESCRIPTIVE_MULTIPLE_LOOKS_UNADJUSTED_NOT_EVIDENCE
117,1,1,53,T20_CONTROL_vs_RANDOM_CONTROL,T2_carry_count,0.055925,DESCRIPTIVE_MULTIPLE_LOOKS_UNADJUSTED_NOT_EVIDENCE
118,1,1,54,T20_CONTROL_vs_RANDOM_CONTROL,state_a_before_bit_transitions,-0.041801,DESCRIPTIVE_MULTIPLE_LOOKS_UNADJUSTED_NOT_EVIDENCE
119,1,1,55,T20_CONTROL_vs_RANDOM_CONTROL,T1_normalized,-0.052219,DESCRIPTIVE_MULTIPLE_LOOKS_UNADJUSTED_NOT_EVIDENCE
120,1,1,56,T20_CONTROL_vs_RANDOM_CONTROL,state_c_before_bit_transitions,-0.041801,DESCRIPTIVE_MULTIPLE_LOOKS_UNADJUSTED_NOT_EVIDENCE
121,1,1,57,T20_CONTROL_vs_RANDOM_CONTROL,state_d_before_bit_transitions,-0.041801,DESCRIPTIVE_MULTIPLE_LOOKS_UNADJUSTED_NOT_EVIDENCE
122,1,1,58,T20_CONTROL_vs_RANDOM_CONTROL,Sigma0_bit_transitions,-0.032070,DESCRIPTIVE_MULTIPLE_LOOKS_UNADJUSTED_NOT_EVIDENCE
123,1,1,59,T20_CONTROL_vs_RANDOM_CONTROL,Sigma1_normalized,-0.041489,DESCRIPTIVE_MULTIPLE_LOOKS_UNADJUSTED_NOT_EVIDENCE
124,1,1,60,T20_CONTROL_vs_RANDOM_CONTROL,Sigma0_normalized,0.041790,DESCRIPTIVE_MULTIPLE_LOOKS_UNADJUSTED_NOT_EVIDENCE
125,1,1,61,T20_CONTROL_vs_RANDOM_CONTROL,T1_bit_transitions,-0.052649,DESCRIPTIVE_MULTIPLE_LOOKS_UNADJUSTED_NOT_EVIDENCE
126,1,1,62,T20_CONTROL_vs_RANDOM_CONTROL,Sigma1_popcount,0.038263,DESCRIPTIVE_MULTIPLE_LOOKS_UNADJUSTED_NOT_EVIDENCE
127,1,1,63,T20_CONTROL_vs_RANDOM_CONTROL,W_bit_transitions,0.039051,DESCRIPTIVE_MULTIPLE_LOOKS_UNADJUSTED_NOT_EVIDENCE
128,2,0,0,T20_CONTROL_vs_RANDOM_CONTROL,new_e_maximum_chain,-0.035219,DESCRIPTIVE_MULTIPLE_LOOKS_UNADJUSTED_NOT_EVIDENCE
129,2,0,1,T20_CONTROL_vs_RANDOM_CONTROL,new_e_carry_count,-0.030901,DESCRIPTIVE_MULTIPLE_LOOKS_UNADJUSTED_NOT_EVIDENCE
130,2,0,2,T20_CONTROL_vs_RANDOM_CONTROL,Sigma0_bit_transitions,0.047543,DESCRIPTIVE_MULTIPLE_LOOKS_UNADJUSTED_NOT_EVIDENCE
131,2,0,3,T20_CONTROL_vs_RANDOM_CONTROL,T1_normalized,0.047138,DESCRIPTIVE_MULTIPLE_LOOKS_UNADJUSTED_NOT_EVIDENCE
132,2,0,4,T20_CONTROL_vs_RANDOM_CONTROL,state_b_before_normalized,0.043812,DESCRIPTIVE_MULTIPLE_LOOKS_UNADJUSTED_NOT_EVIDENCE
133,2,0,5,T20_CONTROL_vs_RANDOM_CONTROL,state_c_before_normalized,0.043812,DESCRIPTIVE_MULTIPLE_LOOKS_UNADJUSTED_NOT_EVIDENCE
134,2,0,6,T20_CONTROL_vs_RANDOM_CONTROL,state_d_before_normalized,0.043812,DESCRIPTIVE_MULTIPLE_LOOKS_UNADJUSTED_NOT_EVIDENCE
135,2,0,7,T20_CONTROL_vs_RANDOM_CONTROL,new_a_carry_count,-0.047283,DESCRIPTIVE_MULTIPLE_LOOKS_UNADJUSTED_NOT_EVIDENCE
136,2,0,8,T20_CONTROL_vs_RANDOM_CONTROL,state_h_before_bit_transitions,0.035280,DESCRIPTIVE_MULTIPLE_LOOKS_UNADJUSTED_NOT_EVIDENCE
137,2,0,9,T20_CONTROL_vs_RANDOM_CONTROL,Sigma1_bit_transitions,-0.051502,DESCRIPTIVE_MULTIPLE_LOOKS_UNADJUSTED_NOT_EVIDENCE
138,2,0,10,T20_CONTROL_vs_RANDOM_CONTROL,state_a_before_bit_transitions,-0.041418,DESCRIPTIVE_MULTIPLE_LOOKS_UNADJUSTED_NOT_EVIDENCE
139,2,0,11,T20_CONTROL_vs_RANDOM_CONTROL,state_b_before_bit_transitions,-0.041418,DESCRIPTIVE_MULTIPLE_LOOKS_UNADJUSTED_NOT_EVIDENCE
140,2,0,12,T20_CONTROL_vs_RANDOM_CONTROL,T1_popcount,-0.044397,DESCRIPTIVE_MULTIPLE_LOOKS_UNADJUSTED_NOT_EVIDENCE
141,2,0,13,T20_CONTROL_vs_RANDOM_CONTROL,state_d_before_bit_transitions,-0.041418,DESCRIPTIVE_MULTIPLE_LOOKS_UNADJUSTED_NOT_EVIDENCE
142,2,0,14,T20_CONTROL_vs_RANDOM_CONTROL,T1_normalized,0.050312,DESCRIPTIVE_MULTIPLE_LOOKS_UNADJUSTED_NOT_EVIDENCE
143,2,0,15,T20_CONTROL_vs_RANDOM_CONTROL,new_e_chain_count,-0.046736,DESCRIPTIVE_MULTIPLE_LOOKS_UNADJUSTED_NOT_EVIDENCE
144,2,0,16,T20_CONTROL_vs_RANDOM_CONTROL,state_e_before_bit_transitions,-0.033363,DESCRIPTIVE_MULTIPLE_LOOKS_UNADJUSTED_NOT_EVIDENCE
145,2,0,17,T20_CONTROL_vs_RANDOM_CONTROL,T1_normalized,-0.061924,DESCRIPTIVE_MULTIPLE_LOOKS_UNADJUSTED_NOT_EVIDENCE
146,2,0,18,T20_CONTROL_vs_RANDOM_CONTROL,Ch_bit_transitions,-0.040586,DESCRIPTIVE_MULTIPLE_LOOKS_UNADJUSTED_NOT_EVIDENCE
147,2,0,19,T20_CONTROL_vs_RANDOM_CONTROL,T2_popcount,0.048222,DESCRIPTIVE_MULTIPLE_LOOKS_UNADJUSTED_NOT_EVIDENCE
148,2,0,20,T20_CONTROL_vs_RANDOM_CONTROL,Maj_normalized,0.047447,DESCRIPTIVE_MULTIPLE_LOOKS_UNADJUSTED_NOT_EVIDENCE
149,2,0,21,T20_CONTROL_vs_RANDOM_CONTROL,Sigma0_bit_transitions,0.059525,DESCRIPTIVE_MULTIPLE_LOOKS_UNADJUSTED_NOT_EVIDENCE
150,2,0,22,T20_CONTROL_vs_RANDOM_CONTROL,T1_carry_count,0.049561,DESCRIPTIVE_MULTIPLE_LOOKS_UNADJUSTED_NOT_EVIDENCE
151,2,0,23,T20_CONTROL_vs_RANDOM_CONTROL,state_c_before_normalized,0.035149,DESCRIPTIVE_MULTIPLE_LOOKS_UNADJUSTED_NOT_EVIDENCE
152,2,0,24,T20_CONTROL_vs_RANDOM_CONTROL,state_d_before_normalized,0.035149,DESCRIPTIVE_MULTIPLE_LOOKS_UNADJUSTED_NOT_EVIDENCE
153,2,0,25,T20_CONTROL_vs_RANDOM_CONTROL,state_g_before_popcount,-0.034731,DESCRIPTIVE_MULTIPLE_LOOKS_UNADJUSTED_NOT_EVIDENCE
154,2,0,26,T20_CONTROL_vs_RANDOM_CONTROL,T1_normalized,-0.044533,DESCRIPTIVE_MULTIPLE_LOOKS_UNADJUSTED_NOT_EVIDENCE
155,2,0,27,T20_CONTROL_vs_RANDOM_CONTROL,W_popcount,0.047918,DESCRIPTIVE_MULTIPLE_LOOKS_UNADJUSTED_NOT_EVIDENCE
156,2,0,28,T20_CONTROL_vs_RANDOM_CONTROL,state_a_before_bit_transitions,0.038250,DESCRIPTIVE_MULTIPLE_LOOKS_UNADJUSTED_NOT_EVIDENCE
157,2,0,29,T20_CONTROL_vs_RANDOM_CONTROL,state_a_before_popcount,-0.047821,DESCRIPTIVE_MULTIPLE_LOOKS_UNADJUSTED_NOT_EVIDENCE
158,2,0,30,T20_CONTROL_vs_RANDOM_CONTROL,Sigma1_popcount,0.054270,DESCRIPTIVE_MULTIPLE_LOOKS_UNADJUSTED_NOT_EVIDENCE
159,2,0,31,T20_CONTROL_vs_RANDOM_CONTROL,state_c_before_popcount,-0.047821,DESCRIPTIVE_MULTIPLE_LOOKS_UNADJUSTED_NOT_EVIDENCE
160,2,0,32,T20_CONTROL_vs_RANDOM_CONTROL,state_d_before_popcount,-0.047821,DESCRIPTIVE_MULTIPLE_LOOKS_UNADJUSTED_NOT_EVIDENCE
161,2,0,33,T20_CONTROL_vs_RANDOM_CONTROL,new_a_chain_count,-0.040186,DESCRIPTIVE_MULTIPLE_LOOKS_UNADJUSTED_NOT_EVIDENCE
162,2,0,34,T20_CONTROL_vs_RANDOM_CONTROL,T1_popcount,0.054192,DESCRIPTIVE_MULTIPLE_LOOKS_UNADJUSTED_NOT_EVIDENCE
163,2,0,35,T20_CONTROL_vs_RANDOM_CONTROL,T2_normalized,0.069939,DESCRIPTIVE_MULTIPLE_LOOKS_UNADJUSTED_NOT_EVIDENCE
164,2,0,36,T20_CONTROL_vs_RANDOM_CONTROL,state_e_before_popcount,0.040131,DESCRIPTIVE_MULTIPLE_LOOKS_UNADJUSTED_NOT_EVIDENCE
165,2,0,37,T20_CONTROL_vs_RANDOM_CONTROL,state_f_before_popcount,0.040131,DESCRIPTIVE_MULTIPLE_LOOKS_UNADJUSTED_NOT_EVIDENCE
166,2,0,38,T20_CONTROL_vs_RANDOM_CONTROL,Ch_bit_transitions,0.052626,DESCRIPTIVE_MULTIPLE_LOOKS_UNADJUSTED_NOT_EVIDENCE
167,2,0,39,T20_CONTROL_vs_RANDOM_CONTROL,state_h_before_popcount,0.040131,DESCRIPTIVE_MULTIPLE_LOOKS_UNADJUSTED_NOT_EVIDENCE
168,2,0,40,T20_CONTROL_vs_RANDOM_CONTROL,new_e_chain_count,-0.048851,DESCRIPTIVE_MULTIPLE_LOOKS_UNADJUSTED_NOT_EVIDENCE
169,2,0,41,T20_CONTROL_vs_RANDOM_CONTROL,T2_chain_count,0.045748,DESCRIPTIVE_MULTIPLE_LOOKS_UNADJUSTED_NOT_EVIDENCE
170,2,0,42,T20_CONTROL_vs_RANDOM_CONTROL,T2_bit_transitions,0.040184,DESCRIPTIVE_MULTIPLE_LOOKS_UNADJUSTED_NOT_EVIDENCE
171,2,0,43,T20_CONTROL_vs_RANDOM_CONTROL,state_d_before_popcount,0.034254,DESCRIPTIVE_MULTIPLE_LOOKS_UNADJUSTED_NOT_EVIDENCE
172,2,0,44,T20_CONTROL_vs_RANDOM_CONTROL,Sigma1_normalized,0.048214,DESCRIPTIVE_MULTIPLE_LOOKS_UNADJUSTED_NOT_EVIDENCE
173,2,0,45,T20_CONTROL_vs_RANDOM_CONTROL,T2_chain_count,0.043919,DESCRIPTIVE_MULTIPLE_LOOKS_UNADJUSTED_NOT_EVIDENCE
174,2,0,46,T20_CONTROL_vs_RANDOM_CONTROL,W_normalized,0.039970,DESCRIPTIVE_MULTIPLE_LOOKS_UNADJUSTED_NOT_EVIDENCE
175,2,0,47,T20_CONTROL_vs_RANDOM_CONTROL,T2_normalized,0.038097,DESCRIPTIVE_MULTIPLE_LOOKS_UNADJUSTED_NOT_EVIDENCE
176,2,0,48,T20_CONTROL_vs_RANDOM_CONTROL,new_a_chain_count,-0.050192,DESCRIPTIVE_MULTIPLE_LOOKS_UNADJUSTED_NOT_EVIDENCE
177,2,0,49,T20_CONTROL_vs_RANDOM_CONTROL,T2_bit_transitions,-0.051590,DESCRIPTIVE_MULTIPLE_LOOKS_UNADJUSTED_NOT_EVIDENCE
178,2,0,50,T20_CONTROL_vs_RANDOM_CONTROL,state_a_before_normalized,0.046028,DESCRIPTIVE_MULTIPLE_LOOKS_UNADJUSTED_NOT_EVIDENCE
179,2,0,51,T20_CONTROL_vs_RANDOM_CONTROL,state_b_before_normalized,0.046028,DESCRIPTIVE_MULTIPLE_LOOKS_UNADJUSTED_NOT_EVIDENCE
180,2,0,52,T20_CONTROL_vs_RANDOM_CONTROL,state_c_before_normalized,0.046028,DESCRIPTIVE_MULTIPLE_LOOKS_UNADJUSTED_NOT_EVIDENCE
181,2,0,53,T20_CONTROL_vs_RANDOM_CONTROL,state_d_before_normalized,0.046028,DESCRIPTIVE_MULTIPLE_LOOKS_UNADJUSTED_NOT_EVIDENCE
182,2,0,54,T20_CONTROL_vs_RANDOM_CONTROL,state_g_before_popcount,-0.042810,DESCRIPTIVE_MULTIPLE_LOOKS_UNADJUSTED_NOT_EVIDENCE
183,2,0,55,T20_CONTROL_vs_RANDOM_CONTROL,Ch_normalized,0.042973,DESCRIPTIVE_MULTIPLE_LOOKS_UNADJUSTED_NOT_EVIDENCE
184,2,0,56,T20_CONTROL_vs_RANDOM_CONTROL,T2_chain_count,-0.042562,DESCRIPTIVE_MULTIPLE_LOOKS_UNADJUSTED_NOT_EVIDENCE
185,2,0,57,T20_CONTROL_vs_RANDOM_CONTROL,state_d_before_bit_transitions,-0.041363,DESCRIPTIVE_MULTIPLE_LOOKS_UNADJUSTED_NOT_EVIDENCE
186,2,0,58,T20_CONTROL_vs_RANDOM_CONTROL,state_c_before_popcount,-0.038803,DESCRIPTIVE_MULTIPLE_LOOKS_UNADJUSTED_NOT_EVIDENCE
187,2,0,59,T20_CONTROL_vs_RANDOM_CONTROL,Maj_bit_transitions,0.044159,DESCRIPTIVE_MULTIPLE_LOOKS_UNADJUSTED_NOT_EVIDENCE
188,2,0,60,T20_CONTROL_vs_RANDOM_CONTROL,new_e_maximum_chain,0.064125,DESCRIPTIVE_MULTIPLE_LOOKS_UNADJUSTED_NOT_EVIDENCE
189,2,0,61,T20_CONTROL_vs_RANDOM_CONTROL,Sigma1_bit_transitions,0.290808,DESCRIPTIVE_MULTIPLE_LOOKS_UNADJUSTED_NOT_EVIDENCE
190,2,0,62,T20_CONTROL_vs_RANDOM_CONTROL,state_f_before_popcount,-0.055687,DESCRIPTIVE_MULTIPLE_LOOKS_UNADJUSTED_NOT_EVIDENCE
191,2,0,63,T20_CONTROL_vs_RANDOM_CONTROL,state_g_before_popcount,-0.055687,DESCRIPTIVE_MULTIPLE_LOOKS_UNADJUSTED_NOT_EVIDENCE
0,1,0,0,EXTREME_vs_T20_CONTROL,state_a_before_normalized,0.000000,DESCRIPTIVE_MULTIPLE_LOOKS_UNADJUSTED_NOT_EVIDENCE
1,1,0,1,EXTREME_vs_T20_CONTROL,state_a_before_normalized,0.000000,DESCRIPTIVE_MULTIPLE_LOOKS_UNADJUSTED_NOT_EVIDENCE
2,1,0,2,EXTREME_vs_T20_CONTROL,state_a_before_normalized,0.000000,DESCRIPTIVE_MULTIPLE_LOOKS_UNADJUSTED_NOT_EVIDENCE
3,1,0,3,EXTREME_vs_T20_CONTROL,state_a_before_normalized,0.000000,DESCRIPTIVE_MULTIPLE_LOOKS_UNADJUSTED_NOT_EVIDENCE
4,1,0,4,EXTREME_vs_T20_CONTROL,state_a_before_normalized,0.000000,DESCRIPTIVE_MULTIPLE_LOOKS_UNADJUSTED_NOT_EVIDENCE
5,1,0,5,EXTREME_vs_T20_CONTROL,state_a_before_normalized,0.000000,DESCRIPTIVE_MULTIPLE_LOOKS_UNADJUSTED_NOT_EVIDENCE
6,1,0,6,EXTREME_vs_T20_CONTROL,state_a_before_normalized,0.000000,DESCRIPTIVE_MULTIPLE_LOOKS_UNADJUSTED_NOT_EVIDENCE
7,1,0,7,EXTREME_vs_T20_CONTROL,state_a_before_normalized,0.000000,DESCRIPTIVE_MULTIPLE_LOOKS_UNADJUSTED_NOT_EVIDENCE
8,1,0,8,EXTREME_vs_T20_CONTROL,state_a_before_normalized,0.000000,DESCRIPTIVE_MULTIPLE_LOOKS_UNADJUSTED_NOT_EVIDENCE
9,1,0,9,EXTREME_vs_T20_CONTROL,state_a_before_normalized,0.000000,DESCRIPTIVE_MULTIPLE_LOOKS_UNADJUSTED_NOT_EVIDENCE
10,1,0,10,EXTREME_vs_T20_CONTROL,state_a_before_normalized,0.000000,DESCRIPTIVE_MULTIPLE_LOOKS_UNADJUSTED_NOT_EVIDENCE
11,1,0,11,EXTREME_vs_T20_CONTROL,state_a_before_normalized,0.000000,DESCRIPTIVE_MULTIPLE_LOOKS_UNADJUSTED_NOT_EVIDENCE
12,1,0,12,EXTREME_vs_T20_CONTROL,state_a_before_normalized,0.000000,DESCRIPTIVE_MULTIPLE_LOOKS_UNADJUSTED_NOT_EVIDENCE
13,1,0,13,EXTREME_vs_T20_CONTROL,state_a_before_normalized,0.000000,DESCRIPTIVE_MULTIPLE_LOOKS_UNADJUSTED_NOT_EVIDENCE
14,1,0,14,EXTREME_vs_T20_CONTROL,state_a_before_normalized,0.000000,DESCRIPTIVE_MULTIPLE_LOOKS_UNADJUSTED_NOT_EVIDENCE
15,1,0,15,EXTREME_vs_T20_CONTROL,state_a_before_normalized,0.000000,DESCRIPTIVE_MULTIPLE_LOOKS_UNADJUSTED_NOT_EVIDENCE
16,1,0,16,EXTREME_vs_T20_CONTROL,state_a_before_normalized,0.000000,DESCRIPTIVE_MULTIPLE_LOOKS_UNADJUSTED_NOT_EVIDENCE
17,1,0,17,EXTREME_vs_T20_CONTROL,state_a_before_normalized,0.000000,DESCRIPTIVE_MULTIPLE_LOOKS_UNADJUSTED_NOT_EVIDENCE
18,1,0,18,EXTREME_vs_T20_CONTROL,state_a_before_normalized,0.000000,DESCRIPTIVE_MULTIPLE_LOOKS_UNADJUSTED_NOT_EVIDENCE
19,1,0,19,EXTREME_vs_T20_CONTROL,state_a_before_normalized,0.000000,DESCRIPTIVE_MULTIPLE_LOOKS_UNADJUSTED_NOT_EVIDENCE
20,1,0,20,EXTREME_vs_T20_CONTROL,state_a_before_normalized,0.000000,DESCRIPTIVE_MULTIPLE_LOOKS_UNADJUSTED_NOT_EVIDENCE
21,1,0,21,EXTREME_vs_T20_CONTROL,state_a_before_normalized,0.000000,DESCRIPTIVE_MULTIPLE_LOOKS_UNADJUSTED_NOT_EVIDENCE
22,1,0,22,EXTREME_vs_T20_CONTROL,state_a_before_normalized,0.000000,DESCRIPTIVE_MULTIPLE_LOOKS_UNADJUSTED_NOT_EVIDENCE
23,1,0,23,EXTREME_vs_T20_CONTROL,state_a_before_normalized,0.000000,DESCRIPTIVE_MULTIPLE_LOOKS_UNADJUSTED_NOT_EVIDENCE
24,1,0,24,EXTREME_vs_T20_CONTROL,state_a_before_normalized,0.000000,DESCRIPTIVE_MULTIPLE_LOOKS_UNADJUSTED_NOT_EVIDENCE
25,1,0,25,EXTREME_vs_T20_CONTROL,state_a_before_normalized,0.000000,DESCRIPTIVE_MULTIPLE_LOOKS_UNADJUSTED_NOT_EVIDENCE
26,1,0,26,EXTREME_vs_T20_CONTROL,state_a_before_normalized,0.000000,DESCRIPTIVE_MULTIPLE_LOOKS_UNADJUSTED_NOT_EVIDENCE
27,1,0,27,EXTREME_vs_T20_CONTROL,state_a_before_normalized,0.000000,DESCRIPTIVE_MULTIPLE_LOOKS_UNADJUSTED_NOT_EVIDENCE
28,1,0,28,EXTREME_vs_T20_CONTROL,state_a_before_normalized,0.000000,DESCRIPTIVE_MULTIPLE_LOOKS_UNADJUSTED_NOT_EVIDENCE
29,1,0,29,EXTREME_vs_T20_CONTROL,state_a_before_normalized,0.000000,DESCRIPTIVE_MULTIPLE_LOOKS_UNADJUSTED_NOT_EVIDENCE
30,1,0,30,EXTREME_vs_T20_CONTROL,state_a_before_normalized,0.000000,DESCRIPTIVE_MULTIPLE_LOOKS_UNADJUSTED_NOT_EVIDENCE
31,1,0,31,EXTREME_vs_T20_CONTROL,state_a_before_normalized,0.000000,DESCRIPTIVE_MULTIPLE_LOOKS_UNADJUSTED_NOT_EVIDENCE
32,1,0,32,EXTREME_vs_T20_CONTROL,state_a_before_normalized,0.000000,DESCRIPTIVE_MULTIPLE_LOOKS_UNADJUSTED_NOT_EVIDENCE
33,1,0,33,EXTREME_vs_T20_CONTROL,state_a_before_normalized,0.000000,DESCRIPTIVE_MULTIPLE_LOOKS_UNADJUSTED_NOT_EVIDENCE
34,1,0,34,EXTREME_vs_T20_CONTROL,state_a_before_normalized,0.000000,DESCRIPTIVE_MULTIPLE_LOOKS_UNADJUSTED_NOT_EVIDENCE
35,1,0,35,EXTREME_vs_T20_CONTROL,state_a_before_normalized,0.000000,DESCRIPTIVE_MULTIPLE_LOOKS_UNADJUSTED_NOT_EVIDENCE
36,1,0,36,EXTREME_vs_T20_CONTROL,state_a_before_normalized,0.000000,DESCRIPTIVE_MULTIPLE_LOOKS_UNADJUSTED_NOT_EVIDENCE
37,1,0,37,EXTREME_vs_T20_CONTROL,state_a_before_normalized,0.000000,DESCRIPTIVE_MULTIPLE_LOOKS_UNADJUSTED_NOT_EVIDENCE
38,1,0,38,EXTREME_vs_T20_CONTROL,state_a_before_normalized,0.000000,DESCRIPTIVE_MULTIPLE_LOOKS_UNADJUSTED_NOT_EVIDENCE
39,1,0,39,EXTREME_vs_T20_CONTROL,state_a_before_normalized,0.000000,DESCRIPTIVE_MULTIPLE_LOOKS_UNADJUSTED_NOT_EVIDENCE
40,1,0,40,EXTREME_vs_T20_CONTROL,state_a_before_normalized,0.000000,DESCRIPTIVE_MULTIPLE_LOOKS_UNADJUSTED_NOT_EVIDENCE
41,1,0,41,EXTREME_vs_T20_CONTROL,state_a_before_normalized,0.000000,DESCRIPTIVE_MULTIPLE_LOOKS_UNADJUSTED_NOT_EVIDENCE
42,1,0,42,EXTREME_vs_T20_CONTROL,state_a_before_normalized,0.000000,DESCRIPTIVE_MULTIPLE_LOOKS_UNADJUSTED_NOT_EVIDENCE
43,1,0,43,EXTREME_vs_T20_CONTROL,state_a_before_normalized,0.000000,DESCRIPTIVE_MULTIPLE_LOOKS_UNADJUSTED_NOT_EVIDENCE
44,1,0,44,EXTREME_vs_T20_CONTROL,state_a_before_normalized,0.000000,DESCRIPTIVE_MULTIPLE_LOOKS_UNADJUSTED_NOT_EVIDENCE
45,1,0,45,EXTREME_vs_T20_CONTROL,state_a_before_normalized,0.000000,DESCRIPTIVE_MULTIPLE_LOOKS_UNADJUSTED_NOT_EVIDENCE
46,1,0,46,EXTREME_vs_T20_CONTROL,state_a_before_normalized,0.000000,DESCRIPTIVE_MULTIPLE_LOOKS_UNADJUSTED_NOT_EVIDENCE
47,1,0,47,EXTREME_vs_T20_CONTROL,state_a_before_normalized,0.000000,DESCRIPTIVE_MULTIPLE_LOOKS_UNADJUSTED_NOT_EVIDENCE
48,1,0,48,EXTREME_vs_T20_CONTROL,state_a_before_normalized,0.000000,DESCRIPTIVE_MULTIPLE_LOOKS_UNADJUSTED_NOT_EVIDENCE
49,1,0,49,EXTREME_vs_T20_CONTROL,state_a_before_normalized,0.000000,DESCRIPTIVE_MULTIPLE_LOOKS_UNADJUSTED_NOT_EVIDENCE
50,1,0,50,EXTREME_vs_T20_CONTROL,state_a_before_normalized,0.000000,DESCRIPTIVE_MULTIPLE_LOOKS_UNADJUSTED_NOT_EVIDENCE
51,1,0,51,EXTREME_vs_T20_CONTROL,state_a_before_normalized,0.000000,DESCRIPTIVE_MULTIPLE_LOOKS_UNADJUSTED_NOT_EVIDENCE
52,1,0,52,EXTREME_vs_T20_CONTROL,state_a_before_normalized,0.000000,DESCRIPTIVE_MULTIPLE_LOOKS_UNADJUSTED_NOT_EVIDENCE
53,1,0,53,EXTREME_vs_T20_CONTROL,state_a_before_normalized,0.000000,DESCRIPTIVE_MULTIPLE_LOOKS_UNADJUSTED_NOT_EVIDENCE
54,1,0,54,EXTREME_vs_T20_CONTROL,state_a_before_normalized,0.000000,DESCRIPTIVE_MULTIPLE_LOOKS_UNADJUSTED_NOT_EVIDENCE
55,1,0,55,EXTREME_vs_T20_CONTROL,state_a_before_normalized,0.000000,DESCRIPTIVE_MULTIPLE_LOOKS_UNADJUSTED_NOT_EVIDENCE
56,1,0,56,EXTREME_vs_T20_CONTROL,state_a_before_normalized,0.000000,DESCRIPTIVE_MULTIPLE_LOOKS_UNADJUSTED_NOT_EVIDENCE
57,1,0,57,EXTREME_vs_T20_CONTROL,state_a_before_normalized,0.000000,DESCRIPTIVE_MULTIPLE_LOOKS_UNADJUSTED_NOT_EVIDENCE
58,1,0,58,EXTREME_vs_T20_CONTROL,state_a_before_normalized,0.000000,DESCRIPTIVE_MULTIPLE_LOOKS_UNADJUSTED_NOT_EVIDENCE
59,1,0,59,EXTREME_vs_T20_CONTROL,state_a_before_normalized,0.000000,DESCRIPTIVE_MULTIPLE_LOOKS_UNADJUSTED_NOT_EVIDENCE
60,1,0,60,EXTREME_vs_T20_CONTROL,state_a_before_normalized,0.000000,DESCRIPTIVE_MULTIPLE_LOOKS_UNADJUSTED_NOT_EVIDENCE
61,1,0,61,EXTREME_vs_T20_CONTROL,state_a_before_normalized,0.000000,DESCRIPTIVE_MULTIPLE_LOOKS_UNADJUSTED_NOT_EVIDENCE
62,1,0,62,EXTREME_vs_T20_CONTROL,state_a_before_normalized,0.000000,DESCRIPTIVE_MULTIPLE_LOOKS_UNADJUSTED_NOT_EVIDENCE
63,1,0,63,EXTREME_vs_T20_CONTROL,state_a_before_normalized,0.000000,DESCRIPTIVE_MULTIPLE_LOOKS_UNADJUSTED_NOT_EVIDENCE
64,1,1,0,EXTREME_vs_T20_CONTROL,state_a_before_normalized,0.000000,DESCRIPTIVE_MULTIPLE_LOOKS_UNADJUSTED_NOT_EVIDENCE
65,1,1,1,EXTREME_vs_T20_CONTROL,state_a_before_normalized,0.000000,DESCRIPTIVE_MULTIPLE_LOOKS_UNADJUSTED_NOT_EVIDENCE
66,1,1,2,EXTREME_vs_T20_CONTROL,state_a_before_normalized,0.000000,DESCRIPTIVE_MULTIPLE_LOOKS_UNADJUSTED_NOT_EVIDENCE
67,1,1,3,EXTREME_vs_T20_CONTROL,W_normalized,0.088623,DESCRIPTIVE_MULTIPLE_LOOKS_UNADJUSTED_NOT_EVIDENCE
68,1,1,4,EXTREME_vs_T20_CONTROL,T1_carry_count,-0.117737,DESCRIPTIVE_MULTIPLE_LOOKS_UNADJUSTED_NOT_EVIDENCE
69,1,1,5,EXTREME_vs_T20_CONTROL,Sigma0_popcount,0.097870,DESCRIPTIVE_MULTIPLE_LOOKS_UNADJUSTED_NOT_EVIDENCE
70,1,1,6,EXTREME_vs_T20_CONTROL,Ch_popcount,0.083221,DESCRIPTIVE_MULTIPLE_LOOKS_UNADJUSTED_NOT_EVIDENCE
71,1,1,7,EXTREME_vs_T20_CONTROL,Maj_popcount,-0.099731,DESCRIPTIVE_MULTIPLE_LOOKS_UNADJUSTED_NOT_EVIDENCE
72,1,1,8,EXTREME_vs_T20_CONTROL,T1_normalized,-0.158569,DESCRIPTIVE_MULTIPLE_LOOKS_UNADJUSTED_NOT_EVIDENCE
73,1,1,9,EXTREME_vs_T20_CONTROL,new_e_chain_count,0.091705,DESCRIPTIVE_MULTIPLE_LOOKS_UNADJUSTED_NOT_EVIDENCE
74,1,1,10,EXTREME_vs_T20_CONTROL,T1_bit_transitions,-0.097229,DESCRIPTIVE_MULTIPLE_LOOKS_UNADJUSTED_NOT_EVIDENCE
75,1,1,11,EXTREME_vs_T20_CONTROL,Sigma0_bit_transitions,-0.114044,DESCRIPTIVE_MULTIPLE_LOOKS_UNADJUSTED_NOT_EVIDENCE
76,1,1,12,EXTREME_vs_T20_CONTROL,Sigma1_popcount,0.113373,DESCRIPTIVE_MULTIPLE_LOOKS_UNADJUSTED_NOT_EVIDENCE
77,1,1,13,EXTREME_vs_T20_CONTROL,state_c_before_normalized,0.111023,DESCRIPTIVE_MULTIPLE_LOOKS_UNADJUSTED_NOT_EVIDENCE
78,1,1,14,EXTREME_vs_T20_CONTROL,T1_maximum_chain,0.113342,DESCRIPTIVE_MULTIPLE_LOOKS_UNADJUSTED_NOT_EVIDENCE
79,1,1,15,EXTREME_vs_T20_CONTROL,state_a_before_popcount,-0.124359,DESCRIPTIVE_MULTIPLE_LOOKS_UNADJUSTED_NOT_EVIDENCE
80,1,1,16,EXTREME_vs_T20_CONTROL,state_b_before_popcount,-0.124359,DESCRIPTIVE_MULTIPLE_LOOKS_UNADJUSTED_NOT_EVIDENCE
81,1,1,17,EXTREME_vs_T20_CONTROL,Maj_popcount,-0.129883,DESCRIPTIVE_MULTIPLE_LOOKS_UNADJUSTED_NOT_EVIDENCE
82,1,1,18,EXTREME_vs_T20_CONTROL,new_e_carry_count,-0.158051,DESCRIPTIVE_MULTIPLE_LOOKS_UNADJUSTED_NOT_EVIDENCE
83,1,1,19,EXTREME_vs_T20_CONTROL,Sigma0_bit_transitions,-0.136353,DESCRIPTIVE_MULTIPLE_LOOKS_UNADJUSTED_NOT_EVIDENCE
84,1,1,20,EXTREME_vs_T20_CONTROL,W_bit_transitions,-0.091309,DESCRIPTIVE_MULTIPLE_LOOKS_UNADJUSTED_NOT_EVIDENCE
85,1,1,21,EXTREME_vs_T20_CONTROL,Maj_bit_transitions,0.106171,DESCRIPTIVE_MULTIPLE_LOOKS_UNADJUSTED_NOT_EVIDENCE
86,1,1,22,EXTREME_vs_T20_CONTROL,T2_bit_transitions,-0.176971,DESCRIPTIVE_MULTIPLE_LOOKS_UNADJUSTED_NOT_EVIDENCE
87,1,1,23,EXTREME_vs_T20_CONTROL,W_popcount,0.102203,DESCRIPTIVE_MULTIPLE_LOOKS_UNADJUSTED_NOT_EVIDENCE
88,1,1,24,EXTREME_vs_T20_CONTROL,T1_normalized,0.108154,DESCRIPTIVE_MULTIPLE_LOOKS_UNADJUSTED_NOT_EVIDENCE
89,1,1,25,EXTREME_vs_T20_CONTROL,W_popcount,0.140930,DESCRIPTIVE_MULTIPLE_LOOKS_UNADJUSTED_NOT_EVIDENCE
90,1,1,26,EXTREME_vs_T20_CONTROL,W_popcount,-0.138824,DESCRIPTIVE_MULTIPLE_LOOKS_UNADJUSTED_NOT_EVIDENCE
91,1,1,27,EXTREME_vs_T20_CONTROL,new_a_carry_count,0.109894,DESCRIPTIVE_MULTIPLE_LOOKS_UNADJUSTED_NOT_EVIDENCE
92,1,1,28,EXTREME_vs_T20_CONTROL,Sigma0_normalized,-0.135620,DESCRIPTIVE_MULTIPLE_LOOKS_UNADJUSTED_NOT_EVIDENCE
93,1,1,29,EXTREME_vs_T20_CONTROL,T1_bit_transitions,-0.112030,DESCRIPTIVE_MULTIPLE_LOOKS_UNADJUSTED_NOT_EVIDENCE
94,1,1,30,EXTREME_vs_T20_CONTROL,new_e_maximum_chain,-0.112610,DESCRIPTIVE_MULTIPLE_LOOKS_UNADJUSTED_NOT_EVIDENCE
95,1,1,31,EXTREME_vs_T20_CONTROL,Ch_popcount,-0.099426,DESCRIPTIVE_MULTIPLE_LOOKS_UNADJUSTED_NOT_EVIDENCE
96,1,1,32,EXTREME_vs_T20_CONTROL,T1_normalized,-0.119324,DESCRIPTIVE_MULTIPLE_LOOKS_UNADJUSTED_NOT_EVIDENCE
97,1,1,33,EXTREME_vs_T20_CONTROL,W_normalized,0.127869,DESCRIPTIVE_MULTIPLE_LOOKS_UNADJUSTED_NOT_EVIDENCE
98,1,1,34,EXTREME_vs_T20_CONTROL,T1_normalized,0.098816,DESCRIPTIVE_MULTIPLE_LOOKS_UNADJUSTED_NOT_EVIDENCE
99,1,1,35,EXTREME_vs_T20_CONTROL,T1_popcount,-0.123352,DESCRIPTIVE_MULTIPLE_LOOKS_UNADJUSTED_NOT_EVIDENCE
100,1,1,36,EXTREME_vs_T20_CONTROL,T1_popcount,-0.177979,DESCRIPTIVE_MULTIPLE_LOOKS_UNADJUSTED_NOT_EVIDENCE
101,1,1,37,EXTREME_vs_T20_CONTROL,Ch_bit_transitions,-0.125336,DESCRIPTIVE_MULTIPLE_LOOKS_UNADJUSTED_NOT_EVIDENCE
102,1,1,38,EXTREME_vs_T20_CONTROL,T2_carry_count,-0.160126,DESCRIPTIVE_MULTIPLE_LOOKS_UNADJUSTED_NOT_EVIDENCE
103,1,1,39,EXTREME_vs_T20_CONTROL,T2_chain_count,0.129272,DESCRIPTIVE_MULTIPLE_LOOKS_UNADJUSTED_NOT_EVIDENCE
104,1,1,40,EXTREME_vs_T20_CONTROL,W_normalized,-0.096497,DESCRIPTIVE_MULTIPLE_LOOKS_UNADJUSTED_NOT_EVIDENCE
105,1,1,41,EXTREME_vs_T20_CONTROL,Maj_bit_transitions,0.087555,DESCRIPTIVE_MULTIPLE_LOOKS_UNADJUSTED_NOT_EVIDENCE
106,1,1,42,EXTREME_vs_T20_CONTROL,T2_popcount,-0.160004,DESCRIPTIVE_MULTIPLE_LOOKS_UNADJUSTED_NOT_EVIDENCE
107,1,1,43,EXTREME_vs_T20_CONTROL,Sigma0_normalized,0.148193,DESCRIPTIVE_MULTIPLE_LOOKS_UNADJUSTED_NOT_EVIDENCE
108,1,1,44,EXTREME_vs_T20_CONTROL,state_f_before_normalized,-0.123047,DESCRIPTIVE_MULTIPLE_LOOKS_UNADJUSTED_NOT_EVIDENCE
109,1,1,45,EXTREME_vs_T20_CONTROL,Maj_normalized,-0.134521,DESCRIPTIVE_MULTIPLE_LOOKS_UNADJUSTED_NOT_EVIDENCE
110,1,1,46,EXTREME_vs_T20_CONTROL,state_h_before_normalized,-0.123047,DESCRIPTIVE_MULTIPLE_LOOKS_UNADJUSTED_NOT_EVIDENCE
111,1,1,47,EXTREME_vs_T20_CONTROL,new_a_carry_count,0.146057,DESCRIPTIVE_MULTIPLE_LOOKS_UNADJUSTED_NOT_EVIDENCE
112,1,1,48,EXTREME_vs_T20_CONTROL,Sigma1_bit_transitions,-0.150543,DESCRIPTIVE_MULTIPLE_LOOKS_UNADJUSTED_NOT_EVIDENCE
113,1,1,49,EXTREME_vs_T20_CONTROL,Sigma0_popcount,0.139435,DESCRIPTIVE_MULTIPLE_LOOKS_UNADJUSTED_NOT_EVIDENCE
114,1,1,50,EXTREME_vs_T20_CONTROL,state_c_before_normalized,0.128784,DESCRIPTIVE_MULTIPLE_LOOKS_UNADJUSTED_NOT_EVIDENCE
115,1,1,51,EXTREME_vs_T20_CONTROL,T1_normalized,0.130005,DESCRIPTIVE_MULTIPLE_LOOKS_UNADJUSTED_NOT_EVIDENCE
116,1,1,52,EXTREME_vs_T20_CONTROL,state_b_before_normalized,-0.123901,DESCRIPTIVE_MULTIPLE_LOOKS_UNADJUSTED_NOT_EVIDENCE
117,1,1,53,EXTREME_vs_T20_CONTROL,state_c_before_normalized,-0.123901,DESCRIPTIVE_MULTIPLE_LOOKS_UNADJUSTED_NOT_EVIDENCE
118,1,1,54,EXTREME_vs_T20_CONTROL,state_d_before_normalized,-0.123901,DESCRIPTIVE_MULTIPLE_LOOKS_UNADJUSTED_NOT_EVIDENCE
119,1,1,55,EXTREME_vs_T20_CONTROL,T2_chain_count,0.088013,DESCRIPTIVE_MULTIPLE_LOOKS_UNADJUSTED_NOT_EVIDENCE
120,1,1,56,EXTREME_vs_T20_CONTROL,Ch_popcount,-0.121613,DESCRIPTIVE_MULTIPLE_LOOKS_UNADJUSTED_NOT_EVIDENCE
121,1,1,57,EXTREME_vs_T20_CONTROL,state_e_before_bit_transitions,-0.122467,DESCRIPTIVE_MULTIPLE_LOOKS_UNADJUSTED_NOT_EVIDENCE
122,1,1,58,EXTREME_vs_T20_CONTROL,state_f_before_bit_transitions,-0.122467,DESCRIPTIVE_MULTIPLE_LOOKS_UNADJUSTED_NOT_EVIDENCE
123,1,1,59,EXTREME_vs_T20_CONTROL,state_g_before_bit_transitions,-0.122467,DESCRIPTIVE_MULTIPLE_LOOKS_UNADJUSTED_NOT_EVIDENCE
124,1,1,60,EXTREME_vs_T20_CONTROL,state_h_before_bit_transitions,-0.122467,DESCRIPTIVE_MULTIPLE_LOOKS_UNADJUSTED_NOT_EVIDENCE
125,1,1,61,EXTREME_vs_T20_CONTROL,state_e_before_normalized,-0.092224,DESCRIPTIVE_MULTIPLE_LOOKS_UNADJUSTED_NOT_EVIDENCE
126,1,1,62,EXTREME_vs_T20_CONTROL,state_f_before_normalized,-0.092224,DESCRIPTIVE_MULTIPLE_LOOKS_UNADJUSTED_NOT_EVIDENCE
127,1,1,63,EXTREME_vs_T20_CONTROL,new_e_carry_count,0.125427,DESCRIPTIVE_MULTIPLE_LOOKS_UNADJUSTED_NOT_EVIDENCE
128,2,0,0,EXTREME_vs_T20_CONTROL,W_popcount,-0.119019,DESCRIPTIVE_MULTIPLE_LOOKS_UNADJUSTED_NOT_EVIDENCE
129,2,0,1,EXTREME_vs_T20_CONTROL,Ch_popcount,0.091644,DESCRIPTIVE_MULTIPLE_LOOKS_UNADJUSTED_NOT_EVIDENCE
130,2,0,2,EXTREME_vs_T20_CONTROL,state_e_before_bit_transitions,-0.126831,DESCRIPTIVE_MULTIPLE_LOOKS_UNADJUSTED_NOT_EVIDENCE
131,2,0,3,EXTREME_vs_T20_CONTROL,state_f_before_bit_transitions,-0.126831,DESCRIPTIVE_MULTIPLE_LOOKS_UNADJUSTED_NOT_EVIDENCE
132,2,0,4,EXTREME_vs_T20_CONTROL,W_normalized,-0.150940,DESCRIPTIVE_MULTIPLE_LOOKS_UNADJUSTED_NOT_EVIDENCE
133,2,0,5,EXTREME_vs_T20_CONTROL,state_h_before_bit_transitions,-0.126831,DESCRIPTIVE_MULTIPLE_LOOKS_UNADJUSTED_NOT_EVIDENCE
134,2,0,6,EXTREME_vs_T20_CONTROL,new_e_maximum_chain,0.124542,DESCRIPTIVE_MULTIPLE_LOOKS_UNADJUSTED_NOT_EVIDENCE
135,2,0,7,EXTREME_vs_T20_CONTROL,T2_bit_transitions,0.122681,DESCRIPTIVE_MULTIPLE_LOOKS_UNADJUSTED_NOT_EVIDENCE
136,2,0,8,EXTREME_vs_T20_CONTROL,T1_bit_transitions,-0.099457,DESCRIPTIVE_MULTIPLE_LOOKS_UNADJUSTED_NOT_EVIDENCE
137,2,0,9,EXTREME_vs_T20_CONTROL,Sigma0_popcount,-0.159058,DESCRIPTIVE_MULTIPLE_LOOKS_UNADJUSTED_NOT_EVIDENCE
138,2,0,10,EXTREME_vs_T20_CONTROL,state_e_before_normalized,0.110657,DESCRIPTIVE_MULTIPLE_LOOKS_UNADJUSTED_NOT_EVIDENCE
139,2,0,11,EXTREME_vs_T20_CONTROL,Sigma1_popcount,0.116241,DESCRIPTIVE_MULTIPLE_LOOKS_UNADJUSTED_NOT_EVIDENCE
140,2,0,12,EXTREME_vs_T20_CONTROL,state_g_before_normalized,0.110657,DESCRIPTIVE_MULTIPLE_LOOKS_UNADJUSTED_NOT_EVIDENCE
141,2,0,13,EXTREME_vs_T20_CONTROL,Sigma0_popcount,-0.123260,DESCRIPTIVE_MULTIPLE_LOOKS_UNADJUSTED_NOT_EVIDENCE
142,2,0,14,EXTREME_vs_T20_CONTROL,T1_popcount,0.124481,DESCRIPTIVE_MULTIPLE_LOOKS_UNADJUSTED_NOT_EVIDENCE
143,2,0,15,EXTREME_vs_T20_CONTROL,Ch_normalized,-0.113159,DESCRIPTIVE_MULTIPLE_LOOKS_UNADJUSTED_NOT_EVIDENCE
144,2,0,16,EXTREME_vs_T20_CONTROL,T2_normalized,0.130127,DESCRIPTIVE_MULTIPLE_LOOKS_UNADJUSTED_NOT_EVIDENCE
145,2,0,17,EXTREME_vs_T20_CONTROL,Sigma1_bit_transitions,-0.113190,DESCRIPTIVE_MULTIPLE_LOOKS_UNADJUSTED_NOT_EVIDENCE
146,2,0,18,EXTREME_vs_T20_CONTROL,new_a_chain_count,-0.163605,DESCRIPTIVE_MULTIPLE_LOOKS_UNADJUSTED_NOT_EVIDENCE
147,2,0,19,EXTREME_vs_T20_CONTROL,Sigma1_popcount,-0.119751,DESCRIPTIVE_MULTIPLE_LOOKS_UNADJUSTED_NOT_EVIDENCE
148,2,0,20,EXTREME_vs_T20_CONTROL,state_h_before_normalized,-0.103760,DESCRIPTIVE_MULTIPLE_LOOKS_UNADJUSTED_NOT_EVIDENCE
149,2,0,21,EXTREME_vs_T20_CONTROL,Sigma1_normalized,0.126831,DESCRIPTIVE_MULTIPLE_LOOKS_UNADJUSTED_NOT_EVIDENCE
150,2,0,22,EXTREME_vs_T20_CONTROL,Maj_bit_transitions,-0.136597,DESCRIPTIVE_MULTIPLE_LOOKS_UNADJUSTED_NOT_EVIDENCE
151,2,0,23,EXTREME_vs_T20_CONTROL,Sigma1_normalized,-0.100525,DESCRIPTIVE_MULTIPLE_LOOKS_UNADJUSTED_NOT_EVIDENCE
152,2,0,24,EXTREME_vs_T20_CONTROL,state_h_before_popcount,-0.098297,DESCRIPTIVE_MULTIPLE_LOOKS_UNADJUSTED_NOT_EVIDENCE
153,2,0,25,EXTREME_vs_T20_CONTROL,Ch_normalized,0.099060,DESCRIPTIVE_MULTIPLE_LOOKS_UNADJUSTED_NOT_EVIDENCE
154,2,0,26,EXTREME_vs_T20_CONTROL,Ch_normalized,0.154175,DESCRIPTIVE_MULTIPLE_LOOKS_UNADJUSTED_NOT_EVIDENCE
155,2,0,27,EXTREME_vs_T20_CONTROL,state_a_before_popcount,-0.123596,DESCRIPTIVE_MULTIPLE_LOOKS_UNADJUSTED_NOT_EVIDENCE
156,2,0,28,EXTREME_vs_T20_CONTROL,T1_normalized,-0.130493,DESCRIPTIVE_MULTIPLE_LOOKS_UNADJUSTED_NOT_EVIDENCE
157,2,0,29,EXTREME_vs_T20_CONTROL,T2_normalized,0.139771,DESCRIPTIVE_MULTIPLE_LOOKS_UNADJUSTED_NOT_EVIDENCE
158,2,0,30,EXTREME_vs_T20_CONTROL,state_d_before_popcount,-0.123596,DESCRIPTIVE_MULTIPLE_LOOKS_UNADJUSTED_NOT_EVIDENCE
159,2,0,31,EXTREME_vs_T20_CONTROL,T1_popcount,0.095703,DESCRIPTIVE_MULTIPLE_LOOKS_UNADJUSTED_NOT_EVIDENCE
160,2,0,32,EXTREME_vs_T20_CONTROL,Sigma1_normalized,0.144775,DESCRIPTIVE_MULTIPLE_LOOKS_UNADJUSTED_NOT_EVIDENCE
161,2,0,33,EXTREME_vs_T20_CONTROL,T2_normalized,-0.111816,DESCRIPTIVE_MULTIPLE_LOOKS_UNADJUSTED_NOT_EVIDENCE
162,2,0,34,EXTREME_vs_T20_CONTROL,state_f_before_normalized,-0.097290,DESCRIPTIVE_MULTIPLE_LOOKS_UNADJUSTED_NOT_EVIDENCE
163,2,0,35,EXTREME_vs_T20_CONTROL,T1_popcount,-0.107697,DESCRIPTIVE_MULTIPLE_LOOKS_UNADJUSTED_NOT_EVIDENCE
164,2,0,36,EXTREME_vs_T20_CONTROL,state_h_before_normalized,-0.097290,DESCRIPTIVE_MULTIPLE_LOOKS_UNADJUSTED_NOT_EVIDENCE
165,2,0,37,EXTREME_vs_T20_CONTROL,state_e_before_normalized,-0.093994,DESCRIPTIVE_MULTIPLE_LOOKS_UNADJUSTED_NOT_EVIDENCE
166,2,0,38,EXTREME_vs_T20_CONTROL,Ch_popcount,-0.146210,DESCRIPTIVE_MULTIPLE_LOOKS_UNADJUSTED_NOT_EVIDENCE
167,2,0,39,EXTREME_vs_T20_CONTROL,Ch_popcount,-0.124847,DESCRIPTIVE_MULTIPLE_LOOKS_UNADJUSTED_NOT_EVIDENCE
168,2,0,40,EXTREME_vs_T20_CONTROL,T2_normalized,0.108887,DESCRIPTIVE_MULTIPLE_LOOKS_UNADJUSTED_NOT_EVIDENCE
169,2,0,41,EXTREME_vs_T20_CONTROL,Sigma0_popcount,0.102905,DESCRIPTIVE_MULTIPLE_LOOKS_UNADJUSTED_NOT_EVIDENCE
170,2,0,42,EXTREME_vs_T20_CONTROL,T1_bit_transitions,0.111633,DESCRIPTIVE_MULTIPLE_LOOKS_UNADJUSTED_NOT_EVIDENCE
171,2,0,43,EXTREME_vs_T20_CONTROL,W_normalized,-0.115784,DESCRIPTIVE_MULTIPLE_LOOKS_UNADJUSTED_NOT_EVIDENCE
172,2,0,44,EXTREME_vs_T20_CONTROL,state_f_before_popcount,0.114288,DESCRIPTIVE_MULTIPLE_LOOKS_UNADJUSTED_NOT_EVIDENCE
173,2,0,45,EXTREME_vs_T20_CONTROL,T2_maximum_chain,0.171478,DESCRIPTIVE_MULTIPLE_LOOKS_UNADJUSTED_NOT_EVIDENCE
174,2,0,46,EXTREME_vs_T20_CONTROL,T2_chain_count,-0.163269,DESCRIPTIVE_MULTIPLE_LOOKS_UNADJUSTED_NOT_EVIDENCE
175,2,0,47,EXTREME_vs_T20_CONTROL,state_d_before_bit_transitions,-0.105133,DESCRIPTIVE_MULTIPLE_LOOKS_UNADJUSTED_NOT_EVIDENCE
176,2,0,48,EXTREME_vs_T20_CONTROL,new_a_carry_count,-0.125977,DESCRIPTIVE_MULTIPLE_LOOKS_UNADJUSTED_NOT_EVIDENCE
177,2,0,49,EXTREME_vs_T20_CONTROL,T2_popcount,0.118835,DESCRIPTIVE_MULTIPLE_LOOKS_UNADJUSTED_NOT_EVIDENCE
178,2,0,50,EXTREME_vs_T20_CONTROL,state_a_before_bit_transitions,0.103149,DESCRIPTIVE_MULTIPLE_LOOKS_UNADJUSTED_NOT_EVIDENCE
179,2,0,51,EXTREME_vs_T20_CONTROL,Maj_bit_transitions,0.164490,DESCRIPTIVE_MULTIPLE_LOOKS_UNADJUSTED_NOT_EVIDENCE
180,2,0,52,EXTREME_vs_T20_CONTROL,state_b_before_popcount,-0.155792,DESCRIPTIVE_MULTIPLE_LOOKS_UNADJUSTED_NOT_EVIDENCE
181,2,0,53,EXTREME_vs_T20_CONTROL,state_c_before_popcount,-0.155792,DESCRIPTIVE_MULTIPLE_LOOKS_UNADJUSTED_NOT_EVIDENCE
182,2,0,54,EXTREME_vs_T20_CONTROL,state_d_before_popcount,-0.155792,DESCRIPTIVE_MULTIPLE_LOOKS_UNADJUSTED_NOT_EVIDENCE
183,2,0,55,EXTREME_vs_T20_CONTROL,Maj_normalized,0.108398,DESCRIPTIVE_MULTIPLE_LOOKS_UNADJUSTED_NOT_EVIDENCE
184,2,0,56,EXTREME_vs_T20_CONTROL,T1_carry_count,0.127441,DESCRIPTIVE_MULTIPLE_LOOKS_UNADJUSTED_NOT_EVIDENCE
185,2,0,57,EXTREME_vs_T20_CONTROL,state_h_before_normalized,0.106689,DESCRIPTIVE_MULTIPLE_LOOKS_UNADJUSTED_NOT_EVIDENCE
186,2,0,58,EXTREME_vs_T20_CONTROL,T2_maximum_chain,0.157593,DESCRIPTIVE_MULTIPLE_LOOKS_UNADJUSTED_NOT_EVIDENCE
187,2,0,59,EXTREME_vs_T20_CONTROL,new_a_maximum_chain,-0.140381,DESCRIPTIVE_MULTIPLE_LOOKS_UNADJUSTED_NOT_EVIDENCE
188,2,0,60,EXTREME_vs_T20_CONTROL,new_e_carry_count,-0.298065,DESCRIPTIVE_MULTIPLE_LOOKS_UNADJUSTED_NOT_EVIDENCE
189,2,0,61,EXTREME_vs_T20_CONTROL,state_e_before_popcount,0.804840,DESCRIPTIVE_MULTIPLE_LOOKS_UNADJUSTED_NOT_EVIDENCE
190,2,0,62,EXTREME_vs_T20_CONTROL,state_f_before_popcount,0.804840,DESCRIPTIVE_MULTIPLE_LOOKS_UNADJUSTED_NOT_EVIDENCE
191,2,0,63,EXTREME_vs_T20_CONTROL,state_g_before_popcount,0.804840,DESCRIPTIVE_MULTIPLE_LOOKS_UNADJUSTED_NOT_EVIDENCE
